title,url,view,extra,eps
Yano-kun no Futsuu no Hibi,https://animevietsub.show/phim/yano-kun-no-futsuu-no-hibi-a5730/,"Lượt xem: 6,793",9.4,TẬP01
Cat's♥Eye,https://animevietsub.show/phim/catseye-a5770/,"Lượt xem: 16,291",6.4,TẬP1
Nhật Ký Du Hành Dị Giới Của Nhà Thu Thập Nguyên Liệu,https://animevietsub.show/phim/sozai-saishuka-no-isekai-ryokouki-a5742/,"Lượt xem: 73,795",7.8,TẬP01
"Một Ngày Nọ, Mình Bỗng Dưng Trở Thành Công Chúa",https://animevietsub.show/phim/aru-hi-ohimesama-ni-natte-shimatta-ken-ni-tsuite-a5772/,"Lượt xem: 25,419",9.8,TẬP03
City The Animation,https://animevietsub.show/phim/city-the-animation-a5696/,"Lượt xem: 250,287",9.5,HOÀNTẤT
Nukitashi the Animation,https://animevietsub.show/phim/nukitashi-the-animation-a5706/,"Lượt xem: 1,015,543",7.9,HOÀNTẤT
Game Center Shoujo to Ibunka Kouryuu,https://animevietsub.show/phim/game-center-shoujo-to-ibunka-kouryuu-a5651/,"Lượt xem: 322,019",9.2,HOÀNTẤT
Doraemon New  TV Series,https://animevietsub.show/phim/doraemon-new-series-i2-a908/,"Lượt xem: 21,922,693",9.3,TẬP882
One Piece - Đảo Hải Tặc,https://animevietsub.show/phim/dao-hai-tac-one-piece-a1/,"Lượt xem: 227,688,337",9.3,TẬP1145
Hoa Thơm Kiêu Hãnh,https://animevietsub.show/phim/kaoru-hana-wa-rin-to-saku-a5670/,"Lượt xem: 5,692,267",9.5,HOÀNTẤT
Seishun Buta Yarou wa Santa Claus no Yume wo Minai,https://animevietsub.show/phim/seishun-buta-yarou-wa-santa-claus-no-yume-wo-minai-a5668/,"Lượt xem: 1,565,628",9.7,HOÀNTẤT
Watari-kun no xx ga Houkai Sunzen,https://animevietsub.show/phim/watari-kun-no-xx-ga-houkai-sunzen-a5656/,"Lượt xem: 458,505",8.9,TẬP12
Thám Tử Lừng Danh Conan,https://animevietsub.show/phim/tham-tu-lung-danh-conan-a3/,"Lượt xem: 78,857,666",9.4,TẬP1177
Busu ni Hanataba wo.,https://animevietsub.show/phim/busu-ni-hanataba-wo-a5647/,"Lượt xem: 301,891",9,HOÀNTẤT
Lupin III vs. Cat's Eye,https://animevietsub.show/phim/lupin-iii-vs-cats-eye-a5769/,"Lượt xem: 21,968",5.5,
Futari Solo Camp,https://animevietsub.show/phim/futari-solo-camp-a5648/,"Lượt xem: 259,850",9.4,TẬP12
Dr. Stone 4th Season,https://animevietsub.show/phim/dr-stone-4th-season-i3-a5533/,"Lượt xem: 8,269,953",9.8,TẬP24
Karaoke Iko!,https://animevietsub.show/phim/karaoke-iko-a5708/,"Lượt xem: 123,011",8.6,HOÀNTẤT
Jigoku Sensei Nube (2025),https://animevietsub.show/phim/jigoku-sensei-nube-2025-a5654/,"Lượt xem: 285,179",9.6,HOÀNTẤT
Mushoku no Eiyuu: Betsu ni Skill Nanka Iranakattan da ga,https://animevietsub.show/phim/mushoku-no-eiyuu-betsu-ni-skill-nanka-iranakattan-da-ga-a5748/,"Lượt xem: 84,050",8.2,TẬP01
Grand Blue 2nd Season,https://animevietsub.show/phim/grand-blue-2nd-season-a5450/,"Lượt xem: 2,514,600",9.7,HOÀNTẤT
Kakkou no Iinazuke 2nd Season,https://animevietsub.show/phim/kakkou-no-iinazuke-2nd-season-a5387/,"Lượt xem: 1,284,509",7.9,HOÀNTẤT
"Watashi ga Koibito ni Nareru Wake Nai jan, Muri Muri! (※Muri ja Nakatta!?)",https://animevietsub.show/phim/watashi-ga-koibito-ni-nareru-wake-nai-jan-muri-muri-muri-ja-nakatta-a5658/,"Lượt xem: 1,143,732",9.7,HOÀNTẤT
Ame to Kimi to,https://animevietsub.show/phim/ame-to-kimi-to-a5689/,"Lượt xem: 325,115",9.8,HOÀNTẤT
Jibaku Shounen Hanako-kun 2,https://animevietsub.show/phim/jibaku-shounen-hanako-kun-2-a5516/,"Lượt xem: 1,025,141",9.6,HOÀNTẤT
Dekin no Mogura,https://animevietsub.show/phim/dekin-no-mogura-a5646/,"Lượt xem: 306,774",9.3,HOÀNTẤT
Puniru wa Kawaii Slime 2nd Season,https://animevietsub.show/phim/puniru-wa-kawaii-slime-2nd-season-a5397/,"Lượt xem: 202,875",9.1,HOÀNTẤT
Witch Watch,https://animevietsub.show/phim/witch-watch-a5579/,"Lượt xem: 2,819,148",9.6,TẬP24
Bad Girl,https://animevietsub.show/phim/bad-girl-a5688/,"Lượt xem: 251,997",9.9,HOÀNTẤT
Pokemon (2023),https://animevietsub.show/phim/pokemon-2023-a4926/,"Lượt xem: 4,408,869",7.8,TẬP111
Zutaboro Reijou wa Ane no Moto Konyakusha ni Dekiai sareru,https://animevietsub.show/phim/zutaboro-reijou-wa-ane-no-moto-konyakusha-ni-dekiai-sareru-a5686/,"Lượt xem: 378,772",9.8,HOÀNTẤT
Tsuihousha Shokudou e Youkoso!,https://animevietsub.show/phim/tsuihousha-shokudou-e-youkoso-a5684/,"Lượt xem: 807,113",9.4,HOÀNTẤT
Dandadan 2nd Season,https://animevietsub.show/phim/dandadan-2nd-season-a5540/,"Lượt xem: 3,434,748",9.7,HOÀNTẤT
"Muchuu sa, Kimi ni.",https://animevietsub.show/phim/muchuu-sa-kimi-ni-a5716/,"Lượt xem: 108,155",7.6,HOÀNTẤT
Jidou Hanbaiki ni Umarekawatta Ore wa Meikyuu wo Samayou 2nd Season,https://animevietsub.show/phim/jidou-hanbaiki-ni-umarekawatta-ore-wa-meikyuu-wo-samayou-2nd-season-a5660/,"Lượt xem: 302,826",5,HOÀNTẤT
Uchuujin MuuMuu,https://animevietsub.show/phim/uchuujin-muumuu-a5624/,"Lượt xem: 137,614",8.8,HOÀNTẤT
Bạn Gái Thuê 4,https://animevietsub.show/phim/kanojo-okarishimasu-4th-season-a5357/,"Lượt xem: 744,958",6.7,HOÀNTẤT
"Mikadono Sanshimai wa Angai, Choroi.",https://animevietsub.show/phim/mikadono-sanshimai-wa-angai-choroi-a5655/,"Lượt xem: 1,609,172",9.4,HOÀNTẤT
Tsuyokute New Saga,https://animevietsub.show/phim/tsuyokute-new-saga-a5662/,"Lượt xem: 725,765",8.3,HOÀNTẤT
Kamen Rider Zeztz,https://animevietsub.show/phim/kamen-rider-zeztz-a5767/,"Lượt xem: 43,449",9.6,TẬP02
Mattaku Saikin no Tantei to Kitara,https://animevietsub.show/phim/mattaku-saikin-no-tantei-to-kitara-a5676/,"Lượt xem: 355,975",9.5,HOÀNTẤT
Sát Thủ Về Vườn,https://animevietsub.show/phim/sat-thu-ve-vuon-a5532/,"Lượt xem: 11,400,224",9,HOÀNTẤT
Tu Bian Yingxiong X,https://animevietsub.show/phim/tu-bian-yingxiong-x-a5610/,"Lượt xem: 944,323",9.2,HOÀNTẤT
Lục Địa Kiện Tiên,https://animevietsub.show/phim/luc-dia-kien-tien-a5336/,"Lượt xem: 526,040",6.6,TẬP150
Spy x Family 3rd Season,https://animevietsub.show/phim/spy-x-family-3rd-season-a5757/,"Lượt xem: 71,684",9.5,
Tondemo Skill de Isekai Hourou Meshi 2,https://animevietsub.show/phim/tondemo-skill-de-isekai-hourou-meshi-2-a5756/,"Lượt xem: 95,583",9.4,
Tomodachi no Imouto ga Ore ni dake Uzai,https://animevietsub.show/phim/tomodachi-no-imouto-ga-ore-ni-dake-uzai-a5754/,"Lượt xem: 80,324",8.8,
Saigo ni Hitotsu dake Onegai shitemo Yoroshii deshou ka,https://animevietsub.show/phim/saigo-ni-hitotsu-dake-onegai-shitemo-yoroshii-deshou-ka-a5750/,"Lượt xem: 63,892",9.4,
Bukiyou na Senpai.,https://animevietsub.show/phim/bukiyou-na-senpai-a5747/,"Lượt xem: 8,356",9.4,
Chitose-kun wa Ramune Bin no Naka,https://animevietsub.show/phim/chitose-kun-wa-ramune-bin-no-naka-a5743/,"Lượt xem: 12,287",8.1,
Kao ni Denai Kashiwada-san to Kao ni Deru Oota-kun,https://animevietsub.show/phim/kao-ni-denai-kashiwada-san-to-kao-ni-deru-oota-kun-a5741/,"Lượt xem: 9,505",8.6,
Chanto Suenai Kyuuketsuki-chan,https://animevietsub.show/phim/chanto-suenai-kyuuketsuki-chan-a5740/,"Lượt xem: 5,381",8.4,
Ranma ½ (2024) 2nd Season,https://animevietsub.show/phim/ranma-2024-2nd-season-a5739/,"Lượt xem: 10,801",9.5,
Kikaijikake no Marie,https://animevietsub.show/phim/kikaijikake-no-marie-a5736/,"Lượt xem: 7,691",9.6,
Tensei Akujo no Kuro Rekishi,https://animevietsub.show/phim/tensei-akujo-no-kuro-rekishi-a5734/,"Lượt xem: 7,368",9.5,
Alma-chan wa Kazoku ni Naritai,https://animevietsub.show/phim/alma-chan-wa-kazoku-ni-naritai-a5728/,"Lượt xem: 5,084",8.7,
Egao no Taenai Shokuba desu.,https://animevietsub.show/phim/egao-no-taenai-shokuba-desu-a5725/,"Lượt xem: 3,144",9,
Kamen Rider Gavv,https://animevietsub.show/phim/kamen-rider-gavv-a5424/,"Lượt xem: 3,297,961",9,HOÀNTẤT
Doraemon: Nobita Và Cuộc Phiêu Lưu Vào Thế Giới Trong Tranh,https://animevietsub.show/phim/doraemon-movie-44-nobita-no-esekai-monogatari-a5447/,"Lượt xem: 763,310",9.7,
Isekai Nonbiri Nouka 2,https://animevietsub.show/phim/isekai-nonbiri-nouka-2-a5719/,"Lượt xem: 78,640",9.8,
"Food Court de, Mata Ashita.",https://animevietsub.show/phim/food-court-de-mata-ashita-a5695/,"Lượt xem: 144,540",9.7,HOÀNTẤT
New Panty & Stocking with Garterbelt,https://animevietsub.show/phim/new-panty-stocking-with-garterbelt-a5697/,"Lượt xem: 192,096",9.4,TẬP03
Mono,https://animevietsub.show/phim/mono-a5629/,"Lượt xem: 175,251",9.6,HOÀNTẤT
Anh Hùng Bất Tỉnh Và Công Chúa Ám Sát,https://animevietsub.show/phim/kizetsu-yuusha-to-ansatsu-hime-a5649/,"Lượt xem: 164,069",9.3,HOÀNTẤT
Dược Sư Tự Sự Mùa 2,https://animevietsub.show/phim/kusuriya-no-hitorigoto-2nd-season-a5380/,"Lượt xem: 11,298,936",9.8,HOÀNTẤT
Shirobuta Kizoku desu ga Zense no Kioku ga Haeta node Hiyoko na Otouto Sodatemasu,https://animevietsub.show/phim/shirobuta-kizoku-desu-ga-zense-no-kioku-ga-haeta-node-hiyoko-na-otouto-sodatemasu-a5634/,"Lượt xem: 89,567",8,HOÀNTẤT
"Sau Khi Rời Khỏi Tổ Đội Hạng A, Tôi Thám Hiểm Mê Cung Cùng Đệ Tử Cũ",https://animevietsub.show/phim/a-rank-party-wo-ridatsu-shita-ore-wa-moto-oshiego-tachi-to-meikyuu-shinbu-wo-mezasu-a5519/,"Lượt xem: 2,301,808",8.4,HOÀNTẤT
Nazotoki wa Dinner no Ato de,https://animevietsub.show/phim/nazotoki-wa-dinner-no-ato-de-a5616/,"Lượt xem: 77,671",7.6,HOÀNTẤT
Rock wa Lady no Tashinami deshite,https://animevietsub.show/phim/rock-wa-lady-no-tashinami-deshite-a5605/,"Lượt xem: 233,926",9.7,HOÀNTẤT
Zatsu Tabi: That's Journey,https://animevietsub.show/phim/zatsu-tabi-thats-journey-a5620/,"Lượt xem: 184,308",9.6,HOÀNTẤT
Những Đứa Trẻ Nhà Shiunji,https://animevietsub.show/phim/shiunji-ke-no-kodomotachi-a5587/,"Lượt xem: 1,651,715",8.9,HOÀNTẤT
Chotto dake Ai ga Omoi Dark Elf ga Isekai kara Oikaketekita,https://animevietsub.show/phim/chotto-dake-ai-ga-omoi-dark-elf-ga-isekai-kara-oikaketekita-a5619/,"Lượt xem: 742,816",4.6,HOÀNTẤT
Aharen-san wa Hakarenai 2nd Season,https://animevietsub.show/phim/aharen-san-wa-hakarenai-2nd-season-a5588/,"Lượt xem: 593,944",9.3,HOÀNTẤT
Kakushite! Makina-san!!,https://animevietsub.show/phim/kakushite-makina-san-a5618/,"Lượt xem: 476,158",4.3,HOÀNTẤT
Maebashi Witches,https://animevietsub.show/phim/maebashi-witches-a5615/,"Lượt xem: 65,443",9.6,HOÀNTẤT
Thánh Nữ Thần Khỉ Đột Gia Nhập Kỵ Sĩ Đoàn,https://animevietsub.show/phim/gorilla-no-kami-kara-kago-sareta-reijou-wa-ouritsu-kishidan-de-kawaigarareru-a5575/,"Lượt xem: 531,129",8.8,HOÀNTẤT
Ta Là Quân Chủ Tà Ác Của Quốc Gia Ở Giữa Muôn Vì Sao!,https://animevietsub.show/phim/ore-wa-seikan-kokka-no-akutoku-ryoushu-a5582/,"Lượt xem: 1,318,432",8.6,HOÀNTẤT
"Diệt Slime Suốt 300 Năm, Tôi Level Max Lúc Nào Chẳng Hay Mùa 2",https://animevietsub.show/phim/slime-taoshite-300-nen-shiranai-uchi-ni-level-max-ni-nattemashita-sono-ni-a5590/,"Lượt xem: 401,358",9.7,HOÀNTẤT
"Haite Kudasai, Takamine-san",https://animevietsub.show/phim/haite-kudasai-takamine-san-a5606/,"Lượt xem: 1,046,475",5.9,HOÀNTẤT
Tình Bạn Trai Gái Liệu Có Bền Lâu?,https://animevietsub.show/phim/danjo-no-yuujou-wa-seiritsu-suru-iya-shinai-a5589/,"Lượt xem: 2,516,069",8.3,HOÀNTẤT
Cuộc Sống Mới Trong Bóng Tối Của Trị Liệu Sư Thiên Tài,https://animevietsub.show/phim/isshun-de-chiryou-shiteita-noni-yakutatazu-to-tsuihou-sareta-tensai-chiyushi-yami-healer-toshite-tanoshiku-ikiru-a5584/,"Lượt xem: 2,083,768",8.1,HOÀNTẤT
Ballpark de Tsukamaete!,https://animevietsub.show/phim/ballpark-de-tsukamaete-a5603/,"Lượt xem: 231,814",8.9,HOÀNTẤT
Kiratto Pri☆chan Season 3,https://animevietsub.show/phim/kiratto-prichan-season-3-a5484/,"Lượt xem: 67,112",5.6,HOÀNTẤT
Lycoris Recoil: Friends Are Thieves of Time.,https://animevietsub.show/phim/lycoris-recoil-friends-are-thieves-of-time-a5631/,"Lượt xem: 288,878",9.8,
Kono Subarashii Sekai ni Shukufuku wo! 3: Bonus Stage,https://animevietsub.show/phim/kono-subarashii-sekai-ni-shukufuku-wo!-3-bonus-stage-a5361/,"Lượt xem: 321,189",9.6,
No Home,https://animevietsub.show/phim/no-home-a5633/,"Lượt xem: 33,125",7.4,HOÀNTẤT
Võ Nghịch 3D,https://animevietsub.show/phim/vo-nghich-3d-a5500/,"Lượt xem: 106,603",6.7,HOÀNTẤT
Sentai Red Isekai de Boukensha ni Naru,https://animevietsub.show/phim/sentai-red-isekai-de-boukensha-ni-naru-a5508/,"Lượt xem: 684,164",9.5,HOÀNTẤT
Kinnikuman: Kanpeki Chоujin Shiso-hen 2nd Season,https://animevietsub.show/phim/kinnikuman-kanpeki-chujin-shiso-hen-2nd-season-a5559/,"Lượt xem: 46,752",6.7,HOÀNTẤT
100 Cô Bạn Gái Yêu Bạn Rất Rất Rất Rất Rất Nhiều Mùa 2,https://animevietsub.show/phim/kimi-no-koto-ga-daidaidaidaidaisuki-na-100-nin-no-kanojo-2nd-season-a5497/,"Lượt xem: 1,104,395",7.1,HOÀNTẤT
One Piece: Gyojin Tou-hen,https://animevietsub.show/phim/one-piece-gyojin-tou-hen-i1-a5493/,"Lượt xem: 1,410,798",8.2,HOÀNTẤT
NEET Kunoichi to Nazeka Dousei Hajimemashita,https://animevietsub.show/phim/neet-kunoichi-to-nazeka-dousei-hajimemashita-a5512/,"Lượt xem: 554,295",8.9,HOÀNTẤT
Babanbabanban Vampire,https://animevietsub.show/phim/babanbabanban-vampire-a5558/,"Lượt xem: 102,412",7,HOÀNTẤT
"Chào Mừng Đến Với Nhật Bản, Cô Elf!",https://animevietsub.show/phim/nihon-e-youkoso-elf-san-a5525/,"Lượt xem: 990,464",9.6,HOÀNTẤT
"Guild no Uketsukejou desu ga, Zangyou wa Iya nanode Boss wo Solo Toubatsu Shiyou to Omoimasu",https://animevietsub.show/phim/guild-no-uketsukejou-desu-ga-zangyou-wa-iya-nanode-boss-wo-solo-toubatsu-shiyou-to-omoimasu-a5527/,"Lượt xem: 1,081,096",9.2,HOÀNTẤT
Ông Chú Chuyển Sinh Thành Tiểu Thư Độc Ác,https://animevietsub.show/phim/akuyaku-reijou-tensei-ojisan-a5505/,"Lượt xem: 571,847",9.5,HOÀNTẤT
Nhà Có 3 Vu Nữ,https://animevietsub.show/phim/amagami-san-chi-no-enmusubi-a5426/,"Lượt xem: 4,101,959",9.7,HOÀNTẤT
Youkai Gakkou no Sensei Hajimemashita!,https://animevietsub.show/phim/youkai-gakkou-no-sensei-hajimemashita-a5476/,"Lượt xem: 1,280,947",9.6,HOÀNTẤT
Kuroiwa Medaka ni Watashi no Kawaii ga Tsuujinai,https://animevietsub.show/phim/kuroiwa-medaka-ni-watashi-no-kawaii-ga-tsuujinai-a5524/,"Lượt xem: 1,461,616",7.2,HOÀNTẤT
Bí Mật Tình Yêu Nơi Công Sở,https://animevietsub.show/phim/kono-kaisha-ni-suki-na-hito-ga-imasu-a5515/,"Lượt xem: 1,282,782",9.6,HOÀNTẤT
Zenshuu.,https://animevietsub.show/phim/zenshuu-a5482/,"Lượt xem: 1,066,690",9.6,HOÀNTẤT
Tôi Muốn Bỏ Chạy Khỏi Chương Trình Giáo Dục Hoàng Tử Phi,https://animevietsub.show/phim/kisaki-kyouiku-kara-nigetai-watashi-a5504/,"Lượt xem: 177,275",6.8,HOÀNTẤT
Okinawa de Suki ni Natta Ko ga Hougen Sugite Tsurasugiru,https://animevietsub.show/phim/okinawa-de-suki-ni-natta-ko-ga-hougen-sugite-tsurasugiru-a5507/,"Lượt xem: 319,882",9.5,HOÀNTẤT
Kết Hôn Với Người Mà Tôi Ghét Nhất,https://animevietsub.show/phim/class-no-daikirai-na-joshi-to-kekkon-suru-koto-ni-natta-a5529/,"Lượt xem: 3,078,986",7.2,HOÀNTẤT
Sorairo Utility (TV),https://animevietsub.show/phim/sorairo-utility-tv-a5550/,"Lượt xem: 63,412",9.5,HOÀNTẤT
Rurouni Kenshin: Meiji Kenkaku Romantan - Kyoto Douran,https://animevietsub.show/phim/rurouni-kenshin-meiji-kenkaku-romantan-kyoto-douran-a5435/,"Lượt xem: 476,564",9.1,HOÀNTẤT
Salaryman ga Isekai ni Ittara Shitennou ni Natta Hanashi,https://animevietsub.show/phim/salaryman-ga-isekai-ni-ittara-shitennou-ni-natta-hanashi-a5517/,"Lượt xem: 985,875",9.2,HOÀNTẤT
Behemoth Hạng S Bị Nhầm Là Mèo Và Trở Thành Hiệp Sĩ (Thú Cưng) Của Nàng Elf,https://animevietsub.show/phim/s-rank-monster-no-behemoth-dakedo-neko-to-machigawarete-elf-musume-no-pet-toshite-kurashitemasu-a5522/,"Lượt xem: 667,021",5.3,HOÀNTẤT
Dragon Ball Daima,https://animevietsub.show/phim/dragon-ball-daima-a5430/,"Lượt xem: 9,479,913",9.4,HOÀNTẤT
Neko ni Naritai Tamagawa-kun,https://animevietsub.show/phim/neko-ni-naritai-tamagawa-kun-a5561/,"Lượt xem: 71,460",6.3,HOÀNTẤT
Fairy Tail: Nhiệm Vụ 100 Năm,https://animevietsub.show/phim/fairy-tail-100-nen-quest-a5268/,"Lượt xem: 6,220,142",9.6,HOÀNTẤT
Kabushikigaisha Magi-Lumière,https://animevietsub.show/phim/kabushikigaisha-magi-lumiere-a5456/,"Lượt xem: 147,442",8.8,HOÀNTẤT
Kamonohashi Ron no Kindan Suiri 2nd Season,https://animevietsub.show/phim/kamonohashi-ron-no-kindan-suiri-2nd-season-a5429/,"Lượt xem: 565,872",9.5,HOÀNTẤT
Yarinaoshi Reijou wa Ryuutei Heika wo Kouryakuchuu,https://animevietsub.show/phim/yarinaoshi-reijou-wa-ryuutei-heika-wo-kouryakuchuu-a5417/,"Lượt xem: 2,211,195",9.5,HOÀNTẤT
Rekishi ni Nokoru Akujo ni Naru zo,https://animevietsub.show/phim/rekishi-ni-nokoru-akujo-ni-naru-zo-a5411/,"Lượt xem: 1,676,194",9.2,HOÀNTẤT
5-toubun no Hanayome*,https://animevietsub.show/phim/5-toubun-no-hanayome-a5530/,"Lượt xem: 424,037",9.7,
Puniru wa Kawaii Slime,https://animevietsub.show/phim/puniru-wa-kawaii-slime-a5469/,"Lượt xem: 85,383",9.3,HOÀNTẤT
"Tensei Kizoku, Kantei Skill de Nariagaru 2nd Season",https://animevietsub.show/phim/tensei-kizoku-kantei-skill-de-nariagaru-2nd-season-a5407/,"Lượt xem: 1,669,848",7.4,HOÀNTẤT
Em Là Nàng Hầu Gái,https://animevietsub.show/phim/kimi-wa-meido-sama-a5390/,"Lượt xem: 2,217,734",9.7,HOÀNTẤT
Ranma ½ (2024),https://animevietsub.show/phim/ranma-2024-a5465/,"Lượt xem: 999,723",9.6,HOÀNTẤT
Goukon ni Ittara Onna ga Inakatta Hanashi,https://animevietsub.show/phim/goukon-ni-ittara-onna-ga-inakatta-hanashi-a5460/,"Lượt xem: 702,998",9.5,HOÀNTẤT
Dandadan,https://animevietsub.show/phim/dandadan-i9-a5406/,"Lượt xem: 7,035,343",9.7,HOÀNTẤT
NegaPosi Angler,https://animevietsub.show/phim/negaposi-angler-a5458/,"Lượt xem: 264,456",9.3,HOÀNTẤT
Tôi Là Thoại Thuật Sư Hỗ Trợ Cực Ác Dẫn Dắt Gia Tộc Mạnh Nhất Thế Giới,https://animevietsub.show/phim/saikyou-no-shienshoku-wajutsushi-de-aru-ore-wa-sekai-saikyou-clan-wo-shitagaeru-a5427/,"Lượt xem: 2,902,859",8.9,HOÀNTẤT
Vợ Tôi Trở Thành Học Sinh Tiểu Học,https://animevietsub.show/phim/tsuma-shougakusei-ni-naru-a5434/,"Lượt xem: 797,601",9.6,HOÀNTẤT
Sự Quyến Rũ Của 2.5D,https://animevietsub.show/phim/25-jigen-no-ririsa-a5318/,"Lượt xem: 5,632,042",9.6,HOÀNTẤT
Hành Trình Cô Độc Nơi Dị Giới,https://animevietsub.show/phim/hitoribocchi-no-isekai-kouryaku-a5408/,"Lượt xem: 3,333,992",9.1,HOÀNTẤT
Acro Trip,https://animevietsub.show/phim/acro-trip-a5454/,"Lượt xem: 175,087",8.6,HOÀNTẤT
Elf-san wa Yaserarenai.,https://animevietsub.show/phim/elf-san-wa-yaserarenai-a5303/,"Lượt xem: 401,868",6.1,HOÀNTẤT
Thám Tử Lừng Danh Conan: Dư Ảnh Của Độc Nhãn,https://animevietsub.show/phim/meitantei-conan-movie-28-sekigan-no-flashback-a5538/,"Lượt xem: 493,963",8.5,
Thám Tử Lừng Danh Conan: Ngôi Sao 5 Cánh 1 Triệu Đô,https://animevietsub.show/phim/tham-tu-lung-danh-conan-ngoi-sao-5-canh-1-trieu-do-a5372/,"Lượt xem: 2,249,472",9.4,
Mermaid Melody Pichi Pichi Pitch Pure,https://animevietsub.show/phim/mermaid-melody-pichi-pichi-pitch-pure-a5421/,"Lượt xem: 58,016",6.9,TẬP18
Murai no Koi,https://animevietsub.show/phim/murai-no-koi-a5436/,"Lượt xem: 130,391",8.5,HOÀNTẤT
Sát Thủ Lưỡi Kéo Mùa 5,https://animevietsub.show/phim/sat-thu-luoi-keo-mua-5-a5492/,"Lượt xem: 1,150,062",8.5,HOÀNTẤT
Haikyu!! Movie: Trận Chiến Bãi Phế Liệu,https://animevietsub.show/phim/haikyu-movie-tran-chien-bai-phe-lieu-a5354/,"Lượt xem: 1,803,689",9.7,
Houkago Shounen Hanako-kun,https://animevietsub.show/phim/houkago-shounen-hanako-kun-a5056/,"Lượt xem: 479,454",9.6,HOÀNTẤT
Rồng Cỏ Bị Mang Tiếng Ác Mùa 2,https://animevietsub.show/phim/rong-co-bi-mang-tieng-ac-mua-2-a5477/,"Lượt xem: 105,486",8.2,TẬP05
Vẻ Đẹp Đích Thực,https://animevietsub.show/phim/ve-dep-dich-thuc-a5402/,"Lượt xem: 317,948",7.9,TẬP06
Còn Ra Thể Thống Gì Nữa?,https://animevietsub.show/phim/con-ra-the-thong-gi-nua-i3-a5339/,"Lượt xem: 1,075,577",8.5,TẬP24
Monogatari Series: Off & Monster Season,https://animevietsub.show/phim/monogatari-series-off-monster-season-a5356/,"Lượt xem: 617,448",9.5,TẬP14
Kiratto Pri☆chan Season 2,https://animevietsub.show/phim/kiratto-prichan-season-2-a5483/,"Lượt xem: 70,100",7.8,HOÀNTẤT
Bảy Viên Ngọc Rồng Heroes,https://animevietsub.show/phim/bay-vien-ngoc-rong-heroes-a3290/,"Lượt xem: 4,298,564",7.8,HOÀNTẤT
Học Viện Anh Hùng Mùa 7,https://animevietsub.show/phim/boku-no-hero-academia-7th-season-a5190/,"Lượt xem: 14,138,553",9.3,HOÀNTẤT
Yozakura-san Chi no Daisakusen 2nd Season,https://animevietsub.show/phim/yozakura-san-chi-no-daisakusen-2nd-season-a5475/,"Lượt xem: 354,580",9.4,
Yozakura-san Chi no Daisakusen,https://animevietsub.show/phim/yozakura-san-chi-no-daisakusen-a5196/,"Lượt xem: 10,397,986",9.7,HOÀNTẤT
Mahou Shoujo ni Akogarete 2nd Season,https://animevietsub.show/phim/mahou-shoujo-ni-akogarete-ss2-a5464/,"Lượt xem: 298,215",9.6,
Tsukuyomi: Moon Phase,https://animevietsub.show/phim/tsukuyomi-moon-phase-a4988/,"Lượt xem: 124,574",9.2,TẬP16
Tokidoki Bosotto Russia-go de Dereru Tonari no Alya-san 2nd Season,https://animevietsub.show/phim/tokidoki-bosotto-russia-go-de-dereru-tonari-no-alya-san-2nd-season-a5457/,"Lượt xem: 392,063",7.5,
Không Bỏ Cuộc,https://animevietsub.show/phim/khong-bo-cuoc-a5363/,"Lượt xem: 185,840",7.7,TẬP15
Make Heroine ga Oosugiru!,https://animevietsub.show/phim/make-heroine-ga-oosugiru-a5308/,"Lượt xem: 5,707,456",9.3,HOÀNTẤT
