,Day,DoWeek,hour,count,passed,period,data,ServiceID,datetime
107851,2023-07-24,0,6,597,597,63.71859296482412,573.0284757118928,2,2023-07-24 06:00:00
107852,2023-07-24,0,6,921,921,63.0,836.4212812160695,11,2023-07-24 06:00:00
107853,2023-07-24,0,6,4,4,62.0,1470.75,5,2023-07-24 06:00:00
107854,2023-07-24,0,6,234,234,63.0,599.7136752136752,7,2023-07-24 06:00:00
107855,2023-07-24,0,6,6,6,0.0,378253.8333333333,10,2023-07-24 06:00:00
107856,2023-07-24,0,6,4283,4283,63.87462059304226,602.3485874387112,2,2023-07-24 06:00:00
107857,2023-07-24,0,6,5679,5679,62.99964782532136,877.9468216235252,11,2023-07-24 06:00:00
107858,2023-07-24,0,6,2,2,62.0,629.0,1,2023-07-24 06:00:00
107859,2023-07-24,0,6,31,31,62.0,9831.516129032258,5,2023-07-24 06:00:00
107860,2023-07-24,0,6,1446,1446,63.0,599.9868603042877,7,2023-07-24 06:00:00
107861,2023-07-24,0,6,24,24,0.0,378254.0,10,2023-07-24 06:00:00
107862,2023-07-24,0,7,8810,8810,63.92338251986379,615.1152099886492,2,2023-07-24 07:00:00
107863,2023-07-24,0,7,1,1,61.0,19456.0,4,2023-07-24 07:00:00
107864,2023-07-24,0,7,11508,11508,63.0,914.3582725060828,11,2023-07-24 07:00:00
107865,2023-07-24,0,7,89,89,62.0,459.7415730337079,1,2023-07-24 07:00:00
107866,2023-07-24,0,7,165,165,62.0,4433.236363636363,5,2023-07-24 07:00:00
107867,2023-07-24,0,7,3541,3541,63.0,602.4555210392544,7,2023-07-24 07:00:00
107868,2023-07-24,0,7,30,30,0.0,378253.9666666667,10,2023-07-24 07:00:00
107869,2023-07-24,0,8,5344,5344,64.0,630.3205464071856,2,2023-07-24 08:00:00
107870,2023-07-24,0,8,7327,7327,63.0,1015.221373003958,11,2023-07-24 08:00:00
107871,2023-07-24,0,8,104,104,62.0,419.2019230769231,1,2023-07-24 08:00:00
107872,2023-07-24,0,8,52,52,62.0,971.6923076923076,5,2023-07-24 08:00:00
107873,2023-07-24,0,8,2551,2551,63.0,603.4633477067816,7,2023-07-24 08:00:00
107874,2023-07-24,0,8,2,2,63.0,2205.5,0,2023-07-24 08:00:00
107875,2023-07-24,0,8,13,13,0.0,378253.4615384616,10,2023-07-24 08:00:00
107876,2023-07-24,0,8,8672,8672,63.99827029520295,638.7980857933579,2,2023-07-24 08:00:00
107877,2023-07-24,0,8,11391,11391,63.0,935.3945219910456,11,2023-07-24 08:00:00
107878,2023-07-24,0,8,134,134,62.0,473.5074626865672,1,2023-07-24 08:00:00
107879,2023-07-24,0,8,93,93,62.0,970.3978494623656,5,2023-07-24 08:00:00
107880,2023-07-24,0,8,4307,4307,63.0,603.9941954957046,7,2023-07-24 08:00:00
107881,2023-07-24,0,8,1,1,62.0,722.0,8,2023-07-24 08:00:00
107882,2023-07-24,0,8,1,1,63.0,1932.0,0,2023-07-24 08:00:00
107883,2023-07-24,0,8,17,17,0.0,378253.5294117647,10,2023-07-24 08:00:00
107884,2023-07-24,0,9,8900,8900,63.94741573033708,637.7256179775281,2,2023-07-24 09:00:00
107885,2023-07-24,0,9,1,1,61.0,25031.0,4,2023-07-24 09:00:00
107886,2023-07-24,0,9,12904,12904,63.0,939.7545722256664,11,2023-07-24 09:00:00
107887,2023-07-24,0,9,94,94,62.0,535.4893617021277,1,2023-07-24 09:00:00
107888,2023-07-24,0,9,73,73,62.0,8865.342465753425,5,2023-07-24 09:00:00
107889,2023-07-24,0,9,4371,4371,63.0,605.1914893617021,7,2023-07-24 09:00:00
107890,2023-07-24,0,9,4,4,62.0,334.25,8,2023-07-24 09:00:00
107891,2023-07-24,0,9,3,3,63.0,2253.333333333333,0,2023-07-24 09:00:00
107892,2023-07-24,0,9,18,18,0.0,378253.6666666667,10,2023-07-24 09:00:00
107893,2023-07-24,0,9,7767,7767,63.97952877558903,647.2119222350972,2,2023-07-24 09:00:00
107894,2023-07-24,0,9,1,1,61.0,19217.0,4,2023-07-24 09:00:00
107895,2023-07-24,0,9,1,1,62.0,428.0,6,2023-07-24 09:00:00
107896,2023-07-24,0,9,10041,10041,63.0,961.145702619261,11,2023-07-24 09:00:00
107897,2023-07-24,0,9,64,64,62.0,546.140625,1,2023-07-24 09:00:00
107898,2023-07-24,0,9,79,79,62.0,886.8481012658228,5,2023-07-24 09:00:00
107899,2023-07-24,0,9,4050,4050,63.0,604.0313580246914,7,2023-07-24 09:00:00
107900,2023-07-24,0,9,2,2,63.0,2225.0,0,2023-07-24 09:00:00
107901,2023-07-24,0,9,12,12,0.0,378253.4166666667,10,2023-07-24 09:00:00
107902,2023-07-24,0,10,10228,10228,63.95277669143528,650.036370746969,2,2023-07-24 10:00:00
107903,2023-07-24,0,10,2,2,61.0,32154.5,4,2023-07-24 10:00:00
107904,2023-07-24,0,10,1,1,62.0,975.0,6,2023-07-24 10:00:00
107905,2023-07-24,0,10,13131,13131,63.0,934.6774807706952,11,2023-07-24 10:00:00
107906,2023-07-24,0,10,106,106,62.0,509.1320754716981,1,2023-07-24 10:00:00
107907,2023-07-24,0,10,136,136,62.0,3136.9117647058824,5,2023-07-24 10:00:00
107908,2023-07-24,0,10,5337,5337,63.0,604.9893198426082,7,2023-07-24 10:00:00
107909,2023-07-24,0,10,2,2,63.0,1586.0,0,2023-07-24 10:00:00
107910,2023-07-24,0,10,17,17,0.0,378253.5294117647,10,2023-07-24 10:00:00
107911,2023-07-24,0,10,8722,8722,63.97729878468241,650.0385232744783,2,2023-07-24 10:00:00
107912,2023-07-24,0,10,10954,10954,63.0,950.0835311301807,11,2023-07-24 10:00:00
107913,2023-07-24,0,10,345,345,62.0,358.7304347826087,1,2023-07-24 10:00:00
107914,2023-07-24,0,10,116,116,62.0,970.9137931034484,5,2023-07-24 10:00:00
107915,2023-07-24,0,10,4692,4692,63.0,601.7830349531117,7,2023-07-24 10:00:00
107916,2023-07-24,0,10,13,13,0.0,378253.3076923077,10,2023-07-24 10:00:00
107917,2023-07-24,0,11,9179,9179,63.957511711515416,637.009478156662,2,2023-07-24 11:00:00
107918,2023-07-24,0,11,2,2,61.0,32979.0,4,2023-07-24 11:00:00
107919,2023-07-24,0,11,11711,11711,63.0,937.6522927162496,11,2023-07-24 11:00:00
107920,2023-07-24,0,11,42,42,62.0,565.4761904761905,1,2023-07-24 11:00:00
107921,2023-07-24,0,11,124,124,62.0,1158.8064516129032,5,2023-07-24 11:00:00
107922,2023-07-24,0,11,5045,5045,63.0,601.7811694747274,7,2023-07-24 11:00:00
107923,2023-07-24,0,11,3,3,63.0,1381.3333333333333,0,2023-07-24 11:00:00
107924,2023-07-24,0,11,16,16,0.0,378253.3125,10,2023-07-24 11:00:00
107925,2023-07-24,0,11,8452,8452,63.95669663984856,629.3228821580691,2,2023-07-24 11:00:00
107926,2023-07-24,0,11,10385,10385,63.0,927.9503129513722,11,2023-07-24 11:00:00
107927,2023-07-24,0,11,4,4,62.0,646.0,1,2023-07-24 11:00:00
107928,2023-07-24,0,11,132,132,62.0,3164.742424242424,5,2023-07-24 11:00:00
107929,2023-07-24,0,11,4619,4619,63.0,600.5862740852998,7,2023-07-24 11:00:00
107930,2023-07-24,0,11,2,2,63.0,2173.0,0,2023-07-24 11:00:00
107931,2023-07-24,0,11,14,14,0.0,378253.4285714286,10,2023-07-24 11:00:00
107932,2023-07-24,0,12,9725,9725,63.9494087403599,634.0065809768638,2,2023-07-24 12:00:00
107933,2023-07-24,0,12,12177,12177,63.0,920.2924365607292,11,2023-07-24 12:00:00
107934,2023-07-24,0,12,2,2,62.0,461.5,1,2023-07-24 12:00:00
107935,2023-07-24,0,12,138,138,62.0,1189.1811594202898,5,2023-07-24 12:00:00
107936,2023-07-24,0,12,5323,5323,63.0,600.1705804997182,7,2023-07-24 12:00:00
107937,2023-07-24,0,12,20,20,0.0,378253.35,10,2023-07-24 12:00:00
107938,2023-07-24,0,12,4966,4966,63.9679822795006,632.5483286347161,2,2023-07-24 12:00:00
107939,2023-07-24,0,12,6297,6297,63.0,929.102429728442,11,2023-07-24 12:00:00
107940,2023-07-24,0,12,3,3,62.0,643.6666666666666,1,2023-07-24 12:00:00
107941,2023-07-24,0,12,68,68,62.0,5337.205882352941,5,2023-07-24 12:00:00
107942,2023-07-24,0,12,2713,2713,63.0,599.8883155178769,7,2023-07-24 12:00:00
107943,2023-07-24,0,12,10,10,0.0,378253.6,10,2023-07-24 12:00:00
107944,2023-07-24,0,13,12635,12635,63.94349030470914,638.2543727740403,2,2023-07-24 13:00:00
107945,2023-07-24,0,13,2,2,61.0,31568.0,4,2023-07-24 13:00:00
107946,2023-07-24,0,13,3,3,62.0,544.6666666666666,6,2023-07-24 13:00:00
107947,2023-07-24,0,13,16844,16844,63.0,927.8506293042032,11,2023-07-24 13:00:00
107948,2023-07-24,0,13,86,86,62.0,547.4883720930233,1,2023-07-24 13:00:00
107949,2023-07-24,0,13,170,170,62.0,4433.605882352941,5,2023-07-24 13:00:00
107950,2023-07-24,0,13,7153,7153,63.0,602.841884523976,7,2023-07-24 13:00:00
107951,2023-07-24,0,13,6,6,62.0,490.3333333333333,8,2023-07-24 13:00:00
107952,2023-07-24,0,13,1,1,63.0,945.0,0,2023-07-24 13:00:00
107953,2023-07-24,0,13,26,26,0.0,378253.5384615384,10,2023-07-24 13:00:00
107954,2023-07-24,0,13,2708,2708,63.99889217134417,637.4327917282127,2,2023-07-24 13:00:00
107955,2023-07-24,0,13,1,1,61.0,31831.0,4,2023-07-24 13:00:00
107956,2023-07-24,0,13,2,2,62.0,515.0,6,2023-07-24 13:00:00
107957,2023-07-24,0,13,3513,3513,63.0,916.951608311984,11,2023-07-24 13:00:00
107958,2023-07-24,0,13,23,23,62.0,540.9130434782609,1,2023-07-24 13:00:00
107959,2023-07-24,0,13,15,15,62.0,369.1333333333333,5,2023-07-24 13:00:00
107960,2023-07-24,0,13,1446,1446,63.0,604.8547717842324,7,2023-07-24 13:00:00
107962,2023-07-24,0,13,4,4,0.0,378253.25,10,2023-07-24 13:00:00
107963,2023-07-24,0,14,15102,15102,63.949543106873264,657.0379419944378,2,2023-07-24 14:00:00
107964,2023-07-24,0,14,2,2,61.0,21216.5,4,2023-07-24 14:00:00
107965,2023-07-24,0,14,19546,19546,62.99989767727412,941.8134145093624,11,2023-07-24 14:00:00
107966,2023-07-24,0,14,151,151,62.0,550.8807947019867,1,2023-07-24 14:00:00
107967,2023-07-24,0,14,239,239,62.0,4779.523012552301,5,2023-07-24 14:00:00
107968,2023-07-24,0,14,8180,8180,63.0,604.3238386308068,7,2023-07-24 14:00:00
107969,2023-07-24,0,14,6,6,62.0,1417.0,8,2023-07-24 14:00:00
107970,2023-07-24,0,14,4,4,63.0,1258.75,0,2023-07-24 14:00:00
107971,2023-07-24,0,14,26,26,0.0,378253.1923076923,10,2023-07-24 14:00:00
107972,2023-07-24,0,14,2987,2987,64.0,652.4208235687981,2,2023-07-24 14:00:00
107973,2023-07-24,0,14,3973,3973,63.0,951.8441983387868,11,2023-07-24 14:00:00
107974,2023-07-24,0,14,25,25,62.0,593.28,1,2023-07-24 14:00:00
107975,2023-07-24,0,14,22,22,62.0,590.5,5,2023-07-24 14:00:00
107976,2023-07-24,0,14,1760,1760,63.0,605.4607954545454,7,2023-07-24 14:00:00
107977,2023-07-24,0,14,4,4,0.0,378253.0,10,2023-07-24 14:00:00
107978,2023-07-24,0,15,14449,14449,63.96241954460516,639.9919717627517,2,2023-07-24 15:00:00
107979,2023-07-24,0,15,3,3,61.0,27925.666666666668,4,2023-07-24 15:00:00
107980,2023-07-24,0,15,19241,19241,63.0,960.929369575386,11,2023-07-24 15:00:00
107981,2023-07-24,0,15,123,123,62.0,568.4878048780488,1,2023-07-24 15:00:00
107982,2023-07-24,0,15,188,188,62.0,1100.776595744681,5,2023-07-24 15:00:00
107983,2023-07-24,0,15,8165,8165,63.0,604.1112063686467,7,2023-07-24 15:00:00
107984,2023-07-24,0,15,1,0,60.0,1468.0,3,2023-07-24 15:00:00
107985,2023-07-24,0,15,3,3,62.0,396.6666666666667,8,2023-07-24 15:00:00
107986,2023-07-24,0,15,4,4,63.0,945.0,0,2023-07-24 15:00:00
107987,2023-07-24,0,15,23,23,0.0,378253.5217391304,10,2023-07-24 15:00:00
107988,2023-07-24,0,15,4456,4456,63.958258527827645,656.5388240574506,2,2023-07-24 15:00:00
107989,2023-07-24,0,15,5814,5814,63.0,948.0820433436533,11,2023-07-24 15:00:00
107990,2023-07-24,0,15,37,37,62.0,597.5405405405405,1,2023-07-24 15:00:00
107991,2023-07-24,0,15,49,49,62.0,6767.530612244898,5,2023-07-24 15:00:00
107992,2023-07-24,0,15,2435,2435,63.0,603.7683778234086,7,2023-07-24 15:00:00
107993,2023-07-24,0,15,1,1,63.0,2169.0,0,2023-07-24 15:00:00
107994,2023-07-24,0,15,7,7,0.0,378253.0,10,2023-07-24 15:00:00
107995,2023-07-24,0,16,13178,13178,63.95674609197147,640.7614205494006,2,2023-07-24 16:00:00
107996,2023-07-24,0,16,1,1,61.0,27692.0,4,2023-07-24 16:00:00
107997,2023-07-24,0,16,2,2,62.0,428.0,6,2023-07-24 16:00:00
107998,2023-07-24,0,16,17123,17123,62.99988319803773,942.7135431875256,11,2023-07-24 16:00:00
107999,2023-07-24,0,16,106,106,62.0,572.3867924528302,1,2023-07-24 16:00:00
108000,2023-07-24,0,16,142,142,62.0,1026.0915492957747,5,2023-07-24 16:00:00
108001,2023-07-24,0,16,7599,7599,63.0,603.6398210290828,7,2023-07-24 16:00:00
108002,2023-07-24,0,16,4,4,62.0,777.5,8,2023-07-24 16:00:00
108003,2023-07-24,0,16,3,3,63.0,945.6666666666666,0,2023-07-24 16:00:00
108004,2023-07-24,0,16,22,22,0.0,378252.9545454545,10,2023-07-24 16:00:00
108005,2023-07-24,0,16,5011,5011,63.964079026142485,640.9666733186989,2,2023-07-24 16:00:00
108006,2023-07-24,0,16,6696,6696,63.0,930.4084528076464,11,2023-07-24 16:00:00
108007,2023-07-24,0,16,25,25,62.0,609.48,1,2023-07-24 16:00:00
108008,2023-07-24,0,16,69,69,62.0,5320.579710144928,5,2023-07-24 16:00:00
108009,2023-07-24,0,16,3078,3078,63.0,602.3495776478233,7,2023-07-24 16:00:00
108010,2023-07-24,0,16,2,2,62.0,383.0,8,2023-07-24 16:00:00
108011,2023-07-24,0,16,3,3,63.0,2103.6666666666665,0,2023-07-24 16:00:00
108012,2023-07-24,0,16,8,8,0.0,378253.25,10,2023-07-24 16:00:00
108013,2023-07-24,0,17,12440,12440,63.95490353697749,631.021382636656,2,2023-07-24 17:00:00
108014,2023-07-24,0,17,3,3,61.0,39687.333333333336,4,2023-07-24 17:00:00
108015,2023-07-24,0,17,16292,16292,63.0,934.8971274245029,11,2023-07-24 17:00:00
108016,2023-07-24,0,17,11,11,62.0,600.0,1,2023-07-24 17:00:00
108017,2023-07-24,0,17,97,97,62.0,823.3814432989691,5,2023-07-24 17:00:00
108018,2023-07-24,0,17,7239,7239,63.0,601.2164663627573,7,2023-07-24 17:00:00
108019,2023-07-24,0,17,2,2,62.0,1116.5,8,2023-07-24 17:00:00
108020,2023-07-24,0,17,23,23,0.0,378253.04347826086,10,2023-07-24 17:00:00
108021,2023-07-24,0,17,3920,3920,63.957142857142856,642.1849489795918,2,2023-07-24 17:00:00
108022,2023-07-24,0,17,5176,5176,62.99961360123648,919.536514683153,11,2023-07-24 17:00:00
108023,2023-07-24,0,17,105,105,62.0,1274.0,5,2023-07-24 17:00:00
108024,2023-07-24,0,17,2163,2163,63.0,600.0665742024966,7,2023-07-24 17:00:00
108025,2023-07-24,0,17,7,7,0.0,378253.4285714286,10,2023-07-24 17:00:00
108026,2023-07-24,0,18,13987,13987,63.95388575105455,630.0704225352113,2,2023-07-24 18:00:00
108027,2023-07-24,0,18,1,1,61.0,232623.0,4,2023-07-24 18:00:00
108028,2023-07-24,0,18,2,2,62.0,543.5,6,2023-07-24 18:00:00
108029,2023-07-24,0,18,17443,17443,63.0,919.646104454509,11,2023-07-24 18:00:00
108030,2023-07-24,0,18,5,5,62.0,624.0,1,2023-07-24 18:00:00
108031,2023-07-24,0,18,178,178,62.0,1074.938202247191,5,2023-07-24 18:00:00
108032,2023-07-24,0,18,7976,7976,63.0,599.7631644934804,7,2023-07-24 18:00:00
108033,2023-07-24,0,18,1,1,62.0,318.0,8,2023-07-24 18:00:00
108034,2023-07-24,0,18,27,27,0.0,378252.9259259259,10,2023-07-24 18:00:00
108035,2023-07-24,0,18,1848,1848,64.0,650.3582251082252,2,2023-07-24 18:00:00
108036,2023-07-24,0,18,1,1,61.0,112.0,4,2023-07-24 18:00:00
108037,2023-07-24,0,18,2183,2183,63.0,921.506184150252,11,2023-07-24 18:00:00
108038,2023-07-24,0,18,1,1,62.0,623.0,1,2023-07-24 18:00:00
108039,2023-07-24,0,18,6,6,62.0,965.1666666666666,5,2023-07-24 18:00:00
108040,2023-07-24,0,18,1028,1028,63.0,600.1050583657587,7,2023-07-24 18:00:00
108041,2023-07-24,0,18,3,3,0.0,378253.3333333333,10,2023-07-24 18:00:00
112708,2023-07-24,0,17,8720,8720,63.961467889908256,649.5830275229358,2,2023-07-24 17:00:00
112709,2023-07-24,0,17,1,1,61.0,53658.0,4,2023-07-24 17:00:00
112710,2023-07-24,0,17,11314,11314,63.0,939.650256319604,11,2023-07-24 17:00:00
112711,2023-07-24,0,17,2,2,62.0,655.0,1,2023-07-24 17:00:00
112712,2023-07-24,0,17,161,161,62.0,1150.527950310559,5,2023-07-24 17:00:00
112713,2023-07-24,0,17,4755,4755,63.0,600.4605678233438,7,2023-07-24 17:00:00
112714,2023-07-24,0,17,1,1,62.0,383.0,8,2023-07-24 17:00:00
112715,2023-07-24,0,17,1,1,63.0,2202.0,0,2023-07-24 17:00:00
112716,2023-07-24,0,17,16,16,0.0,378254.4375,10,2023-07-24 17:00:00
112717,2023-07-24,0,18,9152,9152,63.94197989510489,629.9886363636364,2,2023-07-24 18:00:00
112718,2023-07-24,0,18,4,4,62.0,559.25,6,2023-07-24 18:00:00
112719,2023-07-24,0,18,11643,11643,63.0,918.676801511638,11,2023-07-24 18:00:00
112720,2023-07-24,0,18,120,120,62.0,5852.258333333333,5,2023-07-24 18:00:00
112721,2023-07-24,0,18,5083,5083,63.0,599.9933110367894,7,2023-07-24 18:00:00
112722,2023-07-24,0,18,19,19,0.0,378254.0,10,2023-07-24 18:00:00
220497,2023-07-24,0,6,1398,1398,63.757510729613735,580.8884120171674,2,2023-07-24 06:00:00
220498,2023-07-24,0,6,2071,2071,63.0,836.9420569773057,11,2023-07-24 06:00:00
220499,2023-07-24,0,6,13,13,62.0,442.0,5,2023-07-24 06:00:00
220500,2023-07-24,0,6,524,524,63.0,599.9045801526718,7,2023-07-24 06:00:00
220501,2023-07-24,0,6,11,11,0.0,378252.2727272727,10,2023-07-24 06:00:00
220502,2023-07-24,0,6,3466,3466,63.89873052510098,605.8066935949221,2,2023-07-24 06:00:00
220503,2023-07-24,0,6,4542,4542,62.99911933069133,873.2199471598415,11,2023-07-24 06:00:00
220504,2023-07-24,0,6,20,20,62.0,14809.9,5,2023-07-24 06:00:00
220505,2023-07-24,0,6,1159,1159,63.0,599.8869715271786,7,2023-07-24 06:00:00
220506,2023-07-24,0,6,19,19,0.0,378251.2631578947,10,2023-07-24 06:00:00
220507,2023-07-24,0,7,8722,8722,63.9202017885806,612.8614996560422,2,2023-07-24 07:00:00
220508,2023-07-24,0,7,11580,11580,63.0,915.9050949913644,11,2023-07-24 07:00:00
220509,2023-07-24,0,7,85,85,62.0,470.9176470588236,1,2023-07-24 07:00:00
220510,2023-07-24,0,7,148,148,62.0,1003.0202702702704,5,2023-07-24 07:00:00
220511,2023-07-24,0,7,3584,3584,63.0,603.1964285714286,7,2023-07-24 07:00:00
220512,2023-07-24,0,7,30,30,0.0,378251.0,10,2023-07-24 07:00:00
220513,2023-07-24,0,8,6182,6182,63.99902944031058,624.0415723066968,2,2023-07-24 08:00:00
220514,2023-07-24,0,8,3,3,61.0,46335.66666666666,4,2023-07-24 08:00:00
220515,2023-07-24,0,8,8356,8356,62.9997606510292,935.5409286740068,11,2023-07-24 08:00:00
220516,2023-07-24,0,8,95,95,62.0,412.34736842105264,1,2023-07-24 08:00:00
220517,2023-07-24,0,8,64,64,62.0,5353.359375,5,2023-07-24 08:00:00
220518,2023-07-24,0,8,2930,2930,63.0,604.5894197952218,7,2023-07-24 08:00:00
220519,2023-07-24,0,8,2,2,62.0,491.0,8,2023-07-24 08:00:00
220520,2023-07-24,0,8,14,14,0.0,378250.5714285714,10,2023-07-24 08:00:00
220521,2023-07-24,0,8,7859,7859,63.99923654408958,644.3169614454765,2,2023-07-24 08:00:00
220522,2023-07-24,0,8,1,1,61.0,55043.0,4,2023-07-24 08:00:00
220523,2023-07-24,0,8,10402,10402,63.0,936.44972120746,11,2023-07-24 08:00:00
220524,2023-07-24,0,8,83,83,62.0,485.8313253012048,1,2023-07-24 08:00:00
220525,2023-07-24,0,8,81,81,62.0,1070.6049382716049,5,2023-07-24 08:00:00
220526,2023-07-24,0,8,3918,3918,63.0,604.3685553854007,7,2023-07-24 08:00:00
220527,2023-07-24,0,8,1,1,62.0,318.0,8,2023-07-24 08:00:00
220528,2023-07-24,0,8,16,16,0.0,378250.6875,10,2023-07-24 08:00:00
220529,2023-07-24,0,9,9863,9863,63.95467910372098,642.4994423603366,2,2023-07-24 09:00:00
220530,2023-07-24,0,9,1,1,61.0,19440.0,4,2023-07-24 09:00:00
220531,2023-07-24,0,9,13797,13797,63.0,937.2731028484452,11,2023-07-24 09:00:00
220532,2023-07-24,0,9,102,102,62.0,555.8235294117648,1,2023-07-24 09:00:00
220533,2023-07-24,0,9,92,92,62.0,4112.695652173913,5,2023-07-24 09:00:00
220534,2023-07-24,0,9,4743,4743,63.0,605.1412608053975,7,2023-07-24 09:00:00
220535,2023-07-24,0,9,1,1,62.0,318.0,8,2023-07-24 09:00:00
220536,2023-07-24,0,9,3,3,63.0,1363.3333333333333,0,2023-07-24 09:00:00
220537,2023-07-24,0,9,19,19,0.0,378250.8421052632,10,2023-07-24 09:00:00
220538,2023-07-24,0,9,7127,7127,63.97263925915532,644.5703662129929,2,2023-07-24 09:00:00
220539,2023-07-24,0,9,8819,8819,63.0,930.581471822202,11,2023-07-24 09:00:00
220540,2023-07-24,0,9,63,63,62.0,525.4126984126984,1,2023-07-24 09:00:00
220541,2023-07-24,0,9,70,70,62.0,9019.92857142857,5,2023-07-24 09:00:00
220542,2023-07-24,0,9,3664,3664,63.0,603.7147925764192,7,2023-07-24 09:00:00
220543,2023-07-24,0,9,1,1,62.0,383.0,8,2023-07-24 09:00:00
220544,2023-07-24,0,9,2,2,63.0,1420.5,0,2023-07-24 09:00:00
220545,2023-07-24,0,9,11,11,0.0,378250.5454545455,10,2023-07-24 09:00:00
220546,2023-07-24,0,10,11205,11205,63.94404283801874,639.573583221776,2,2023-07-24 10:00:00
220547,2023-07-24,0,10,2,2,61.0,32672.5,4,2023-07-24 10:00:00
220548,2023-07-24,0,10,14025,14025,63.0,937.612549019608,11,2023-07-24 10:00:00
220549,2023-07-24,0,10,103,103,62.0,480.9611650485437,1,2023-07-24 10:00:00
220550,2023-07-24,0,10,140,140,62.0,1117.692857142857,5,2023-07-24 10:00:00
220551,2023-07-24,0,10,5726,5726,63.0,603.473978344394,7,2023-07-24 10:00:00
220552,2023-07-24,0,10,2,2,62.0,350.5,8,2023-07-24 10:00:00
220553,2023-07-24,0,10,17,17,0.0,378250.70588235295,10,2023-07-24 10:00:00
220554,2023-07-24,0,10,7879,7879,63.97410838938952,653.9416169564665,2,2023-07-24 10:00:00
220555,2023-07-24,0,10,2,2,61.0,22889.0,4,2023-07-24 10:00:00
220556,2023-07-24,0,10,9929,9929,63.0,954.6486050961828,11,2023-07-24 10:00:00
220557,2023-07-24,0,10,342,342,62.0,346.4502923976608,1,2023-07-24 10:00:00
220558,2023-07-24,0,10,82,82,62.0,4356.987804878048,5,2023-07-24 10:00:00
220559,2023-07-24,0,10,4345,4345,63.0,602.2108170310702,7,2023-07-24 10:00:00
220560,2023-07-24,0,10,13,13,0.0,378250.6923076923,10,2023-07-24 10:00:00
220561,2023-07-24,0,11,10087,10087,63.94319421036978,637.5744026965401,2,2023-07-24 11:00:00
220562,2023-07-24,0,11,3,3,61.0,22898.33333333333,4,2023-07-24 11:00:00
220563,2023-07-24,0,11,12527,12527,63.0,971.4653947473456,11,2023-07-24 11:00:00
220564,2023-07-24,0,11,39,39,62.0,558.3589743589744,1,2023-07-24 11:00:00
220565,2023-07-24,0,11,166,166,62.0,2804.475903614458,5,2023-07-24 11:00:00
220566,2023-07-24,0,11,5530,5530,63.0,602.6316455696202,7,2023-07-24 11:00:00
220567,2023-07-24,0,11,1,1,62.0,383.0,8,2023-07-24 11:00:00
220568,2023-07-24,0,11,3,3,63.0,1225.6666666666667,0,2023-07-24 11:00:00
220569,2023-07-24,0,11,16,16,0.0,378251.1875,10,2023-07-24 11:00:00
220570,2023-07-24,0,11,7418,7418,63.97452143434888,644.2197357778377,2,2023-07-24 11:00:00
220571,2023-07-24,0,11,1,1,62.0,975.0,6,2023-07-24 11:00:00
220572,2023-07-24,0,11,9663,9663,62.999793024940494,927.5194039118286,11,2023-07-24 11:00:00
220573,2023-07-24,0,11,1,1,62.0,624.0,1,2023-07-24 11:00:00
220574,2023-07-24,0,11,81,81,62.0,4534.580246913581,5,2023-07-24 11:00:00
220575,2023-07-24,0,11,4170,4170,63.0,600.5064748201439,7,2023-07-24 11:00:00
220576,2023-07-24,0,11,2,2,63.0,2274.5,0,2023-07-24 11:00:00
220577,2023-07-24,0,11,14,14,0.0,378250.3571428572,10,2023-07-24 11:00:00
220578,2023-07-24,0,12,10560,10560,63.95,637.2772727272727,2,2023-07-24 12:00:00
220579,2023-07-24,0,12,13029,13029,63.0,919.0011512779184,11,2023-07-24 12:00:00
220580,2023-07-24,0,12,8,8,62.0,542.625,1,2023-07-24 12:00:00
220581,2023-07-24,0,12,141,141,62.0,1129.1843971631206,5,2023-07-24 12:00:00
220582,2023-07-24,0,12,5890,5890,63.0,600.1903225806452,7,2023-07-24 12:00:00
220583,2023-07-24,0,12,3,3,63.0,1364.0,0,2023-07-24 12:00:00
220584,2023-07-24,0,12,21,21,0.0,378250.8571428572,10,2023-07-24 12:00:00
220585,2023-07-24,0,12,4164,4164,63.960374639769455,640.5336215177714,2,2023-07-24 12:00:00
220586,2023-07-24,0,12,5174,5174,63.0,950.5517974487824,11,2023-07-24 12:00:00
220587,2023-07-24,0,12,1,1,62.0,659.0,1,2023-07-24 12:00:00
220588,2023-07-24,0,12,47,47,62.0,7057.404255319149,5,2023-07-24 12:00:00
220589,2023-07-24,0,12,2396,2396,63.0,599.9724540901502,7,2023-07-24 12:00:00
220590,2023-07-24,0,12,9,9,0.0,378250.77777777775,10,2023-07-24 12:00:00
220591,2023-07-24,0,13,13551,13551,63.95040956386983,635.5521363736993,2,2023-07-24 13:00:00
220592,2023-07-24,0,13,5,5,61.0,29969.4,4,2023-07-24 13:00:00
220593,2023-07-24,0,13,3,3,62.0,545.6666666666666,6,2023-07-24 13:00:00
220594,2023-07-24,0,13,17777,17777,63.0,927.6478595938572,11,2023-07-24 13:00:00
220595,2023-07-24,0,13,93,93,62.0,567.7956989247311,1,2023-07-24 13:00:00
220596,2023-07-24,0,13,185,185,62.0,2617.3405405405406,5,2023-07-24 13:00:00
220597,2023-07-24,0,13,7547,7547,63.0,603.0279581290579,7,2023-07-24 13:00:00
220598,2023-07-24,0,13,4,4,62.0,574.25,8,2023-07-24 13:00:00
220599,2023-07-24,0,13,2,2,63.0,1650.5,0,2023-07-24 13:00:00
220600,2023-07-24,0,13,27,27,0.0,378250.7037037037,10,2023-07-24 13:00:00
220601,2023-07-24,0,13,1831,1831,64.0,649.2419442927362,2,2023-07-24 13:00:00
220602,2023-07-24,0,13,1,1,61.0,54622.0,4,2023-07-24 13:00:00
220603,2023-07-24,0,13,2520,2520,63.0,929.565476190476,11,2023-07-24 13:00:00
220604,2023-07-24,0,13,16,16,62.0,553.3125,1,2023-07-24 13:00:00
220605,2023-07-24,0,13,14,14,62.0,855.2142857142857,5,2023-07-24 13:00:00
220606,2023-07-24,0,13,1061,1061,63.0,605.5871819038642,7,2023-07-24 13:00:00
220607,2023-07-24,0,13,3,3,0.0,378251.3333333333,10,2023-07-24 13:00:00
220608,2023-07-24,0,14,15623,15623,63.96063496127504,646.7294373679831,2,2023-07-24 14:00:00
220609,2023-07-24,0,14,2,2,61.0,23167.0,4,2023-07-24 14:00:00
220610,2023-07-24,0,14,20730,20730,63.0,951.7952243125904,11,2023-07-24 14:00:00
220611,2023-07-24,0,14,160,160,62.0,534.7,1,2023-07-24 14:00:00
220612,2023-07-24,0,14,250,250,62.0,3355.792,5,2023-07-24 14:00:00
220613,2023-07-24,0,14,8717,8717,63.0,604.6468968681886,7,2023-07-24 14:00:00
220614,2023-07-24,0,14,2,2,62.0,318.0,8,2023-07-24 14:00:00
220615,2023-07-24,0,14,9,9,63.0,1681.3333333333333,0,2023-07-24 14:00:00
220616,2023-07-24,0,14,26,26,0.0,378250.4615384616,10,2023-07-24 14:00:00
220617,2023-07-24,0,14,2165,2165,64.0,644.2124711316397,2,2023-07-24 14:00:00
220618,2023-07-24,0,14,3029,3029,63.0,931.0191482337405,11,2023-07-24 14:00:00
220619,2023-07-24,0,14,16,16,62.0,647.9375,1,2023-07-24 14:00:00
220620,2023-07-24,0,14,14,14,62.0,738.5,5,2023-07-24 14:00:00
220621,2023-07-24,0,14,1275,1275,63.0,604.1278431372549,7,2023-07-24 14:00:00
220622,2023-07-24,0,14,1,1,62.0,826.0,8,2023-07-24 14:00:00
220623,2023-07-24,0,14,4,4,0.0,378250.75,10,2023-07-24 14:00:00
220624,2023-07-24,0,15,15288,15288,63.95682888540031,641.2600078492935,2,2023-07-24 15:00:00
220625,2023-07-24,0,15,1,1,61.0,20539.0,4,2023-07-24 15:00:00
220626,2023-07-24,0,15,20251,20251,63.0,941.3056639178312,11,2023-07-24 15:00:00
220627,2023-07-24,0,15,120,120,62.0,567.7083333333334,1,2023-07-24 15:00:00
220628,2023-07-24,0,15,175,175,62.0,4307.6,5,2023-07-24 15:00:00
220629,2023-07-24,0,15,8607,8607,63.0,605.0335773207854,7,2023-07-24 15:00:00
220630,2023-07-24,0,15,6,6,62.0,1476.0,8,2023-07-24 15:00:00
220631,2023-07-24,0,15,5,5,63.0,1480.2,0,2023-07-24 15:00:00
220632,2023-07-24,0,15,24,24,0.0,378251.2083333333,10,2023-07-24 15:00:00
220633,2023-07-24,0,15,3583,3583,63.99832542562099,651.5341892269048,2,2023-07-24 15:00:00
220634,2023-07-24,0,15,1,1,61.0,19429.0,4,2023-07-24 15:00:00
220635,2023-07-24,0,15,4782,4782,63.0,952.5286491007946,11,2023-07-24 15:00:00
220636,2023-07-24,0,15,35,35,62.0,566.3428571428572,1,2023-07-24 15:00:00
220637,2023-07-24,0,15,36,36,62.0,8699.388888888889,5,2023-07-24 15:00:00
220638,2023-07-24,0,15,2078,2078,63.0,602.7050048123195,7,2023-07-24 15:00:00
220639,2023-07-24,0,15,1,1,62.0,318.0,8,2023-07-24 15:00:00
220640,2023-07-24,0,15,4,4,63.0,1903.0,0,2023-07-24 15:00:00
220641,2023-07-24,0,15,6,6,0.0,378250.1666666667,10,2023-07-24 15:00:00
220642,2023-07-24,0,16,13845,13845,63.96186348862405,644.7595521849044,2,2023-07-24 16:00:00
220643,2023-07-24,0,16,1,1,61.0,51754.0,4,2023-07-24 16:00:00
220644,2023-07-24,0,16,18332,18332,62.99989090115645,954.6312459087934,11,2023-07-24 16:00:00
220645,2023-07-24,0,16,104,104,62.0,604.2692307692307,1,2023-07-24 16:00:00
220646,2023-07-24,0,16,167,167,62.0,2702.4011976047905,5,2023-07-24 16:00:00
220647,2023-07-24,0,16,7972,7972,63.0,603.5983442047165,7,2023-07-24 16:00:00
220648,2023-07-24,0,16,7,7,62.0,327.2857142857143,8,2023-07-24 16:00:00
220649,2023-07-24,0,16,1,1,63.0,888.0,0,2023-07-24 16:00:00
220650,2023-07-24,0,16,23,23,0.0,378250.60869565216,10,2023-07-24 16:00:00
220651,2023-07-24,0,16,4362,4362,63.95942228335626,641.2352132049518,2,2023-07-24 16:00:00
220652,2023-07-24,0,16,5655,5655,63.0,969.2999115826702,11,2023-07-24 16:00:00
220653,2023-07-24,0,16,23,23,62.0,605.3478260869565,1,2023-07-24 16:00:00
220654,2023-07-24,0,16,55,55,62.0,1289.8,5,2023-07-24 16:00:00
220655,2023-07-24,0,16,2511,2511,63.0,602.831541218638,7,2023-07-24 16:00:00
220656,2023-07-24,0,16,3,3,62.0,480.0,8,2023-07-24 16:00:00
220657,2023-07-24,0,16,2,2,63.0,2307.0,0,2023-07-24 16:00:00
220658,2023-07-24,0,16,7,7,0.0,378250.1428571429,10,2023-07-24 16:00:00
220659,2023-07-24,0,17,13402,13402,63.94896284136696,635.3697209371736,2,2023-07-24 17:00:00
220660,2023-07-24,0,17,2,2,61.0,22040.5,4,2023-07-24 17:00:00
220661,2023-07-24,0,17,17143,17143,63.0,942.2220731493904,11,2023-07-24 17:00:00
220662,2023-07-24,0,17,19,19,62.0,614.1052631578947,1,2023-07-24 17:00:00
220663,2023-07-24,0,17,108,108,62.0,1037.4444444444443,5,2023-07-24 17:00:00
220664,2023-07-24,0,17,7680,7680,63.0,600.6524739583333,7,2023-07-24 17:00:00
220665,2023-07-24,0,17,6,6,62.0,691.3333333333334,8,2023-07-24 17:00:00
220666,2023-07-24,0,17,24,24,0.0,378250.7083333333,10,2023-07-24 17:00:00
220667,2023-07-24,0,17,3169,3169,64.0,648.7939413064058,2,2023-07-24 17:00:00
220668,2023-07-24,0,17,4099,4099,63.0,917.5337887289584,11,2023-07-24 17:00:00
220669,2023-07-24,0,17,95,95,62.0,4205.61052631579,5,2023-07-24 17:00:00
220670,2023-07-24,0,17,1727,1727,63.0,600.0775911986103,7,2023-07-24 17:00:00
220671,2023-07-24,0,17,2,2,62.0,575.0,8,2023-07-24 17:00:00
220672,2023-07-24,0,17,6,6,0.0,378251.1666666667,10,2023-07-24 17:00:00
220673,2023-07-24,0,18,15127,15127,63.95359291333377,636.9135982018906,2,2023-07-24 18:00:00
220674,2023-07-24,0,18,1,1,61.0,16201.0,4,2023-07-24 18:00:00
220675,2023-07-24,0,18,1,1,62.0,428.0,6,2023-07-24 18:00:00
220676,2023-07-24,0,18,18308,18308,62.99989075813852,914.4883657417522,11,2023-07-24 18:00:00
220677,2023-07-24,0,18,3,3,62.0,623.0,1,2023-07-24 18:00:00
220678,2023-07-24,0,18,173,173,62.0,6009.092485549133,5,2023-07-24 18:00:00
220679,2023-07-24,0,18,8255,8255,63.0,599.817080557238,7,2023-07-24 18:00:00
220681,2023-07-24,0,18,1,1,63.0,2366.0,0,2023-07-24 18:00:00
220682,2023-07-24,0,18,28,28,0.0,378250.4642857143,10,2023-07-24 18:00:00
220683,2023-07-24,0,18,978,978,64.0,644.9274028629857,2,2023-07-24 18:00:00
220684,2023-07-24,0,18,1227,1227,63.0,912.5704971475144,11,2023-07-24 18:00:00
220685,2023-07-24,0,18,8,8,62.0,636.25,5,2023-07-24 18:00:00
220686,2023-07-24,0,18,577,577,63.0,599.6603119584056,7,2023-07-24 18:00:00
220687,2023-07-24,0,18,2,2,0.0,378251.5,10,2023-07-24 18:00:00
225277,2023-07-24,0,17,9134,9134,63.960915261659736,633.465185022991,2,2023-07-24 17:00:00
225278,2023-07-24,0,17,11504,11504,63.0,942.69671418637,11,2023-07-24 17:00:00
225279,2023-07-24,0,17,5,5,62.0,530.6,1,2023-07-24 17:00:00
225280,2023-07-24,0,17,182,182,62.0,1098.6868131868132,5,2023-07-24 17:00:00
225281,2023-07-24,0,17,4939,4939,63.0,600.4539380441385,7,2023-07-24 17:00:00
225282,2023-07-24,0,17,4,4,62.0,489.5,8,2023-07-24 17:00:00
225283,2023-07-24,0,17,16,16,0.0,378248.75,10,2023-07-24 17:00:00
225284,2023-07-24,0,18,8893,8893,63.94433824356235,629.3479140897335,2,2023-07-24 18:00:00
225285,2023-07-24,0,18,1,1,61.0,28159.0,4,2023-07-24 18:00:00
225286,2023-07-24,0,18,2,2,62.0,428.0,6,2023-07-24 18:00:00
225287,2023-07-24,0,18,11185,11185,63.0,920.0914617791684,11,2023-07-24 18:00:00
225288,2023-07-24,0,18,1,1,62.0,634.0,1,2023-07-24 18:00:00
225289,2023-07-24,0,18,126,126,62.0,3411.2301587301586,5,2023-07-24 18:00:00
225290,2023-07-24,0,18,4974,4974,63.0,599.83835946924,7,2023-07-24 18:00:00
225291,2023-07-24,0,18,1,1,63.0,947.0,0,2023-07-24 18:00:00
225292,2023-07-24,0,18,18,18,0.0,378248.8333333333,10,2023-07-24 18:00:00
333026,2023-07-24,0,6,2509,2509,63.79912315663611,586.908330011957,2,2023-07-24 06:00:00
333027,2023-07-24,0,6,3951,3951,63.0,851.832953682612,11,2023-07-24 06:00:00
333028,2023-07-24,0,6,29,29,62.0,10823.758620689656,5,2023-07-24 06:00:00
333029,2023-07-24,0,6,901,901,63.0,599.5893451720311,7,2023-07-24 06:00:00
333030,2023-07-24,0,6,19,19,0.0,378250.8421052632,10,2023-07-24 06:00:00
333031,2023-07-24,0,6,2210,2210,63.92398190045249,616.8113122171945,2,2023-07-24 06:00:00
333032,2023-07-24,0,6,2866,2866,63.0,880.1381716678297,11,2023-07-24 06:00:00
333033,2023-07-24,0,6,14,14,62.0,540.9285714285714,5,2023-07-24 06:00:00
333034,2023-07-24,0,6,717,717,63.0,600.0376569037657,7,2023-07-24 06:00:00
333035,2023-07-24,0,6,11,11,0.0,378250.7272727273,10,2023-07-24 06:00:00
333036,2023-07-24,0,7,8853,8853,63.9173161640122,616.8610640460861,2,2023-07-24 07:00:00
333037,2023-07-24,0,7,11386,11386,63.0,915.2517126295452,11,2023-07-24 07:00:00
333038,2023-07-24,0,7,77,77,62.0,486.1688311688312,1,2023-07-24 07:00:00
333039,2023-07-24,0,7,143,143,62.0,1079.13986013986,5,2023-07-24 07:00:00
333040,2023-07-24,0,7,3649,3649,63.0,602.2943272129351,7,2023-07-24 07:00:00
333041,2023-07-24,0,7,1,1,62.0,318.0,8,2023-07-24 07:00:00
333042,2023-07-24,0,7,30,30,0.0,378250.7333333333,10,2023-07-24 07:00:00
333043,2023-07-24,0,8,7347,7347,64.0,627.5813257111746,2,2023-07-24 08:00:00
333044,2023-07-24,0,8,1,1,62.0,602.0,6,2023-07-24 08:00:00
333045,2023-07-24,0,8,9950,9950,63.0,939.0304522613066,11,2023-07-24 08:00:00
333046,2023-07-24,0,8,125,125,62.0,463.136,1,2023-07-24 08:00:00
333047,2023-07-24,0,8,96,96,62.0,1037.2083333333333,5,2023-07-24 08:00:00
333048,2023-07-24,0,8,3494,3494,63.0,604.7206639954208,7,2023-07-24 08:00:00
333049,2023-07-24,0,8,2,2,62.0,350.5,8,2023-07-24 08:00:00
333050,2023-07-24,0,8,1,1,63.0,2197.0,0,2023-07-24 08:00:00
333051,2023-07-24,0,8,17,17,0.0,378250.4117647059,10,2023-07-24 08:00:00
333052,2023-07-24,0,8,6638,6638,64.0,641.466254896053,2,2023-07-24 08:00:00
333053,2023-07-24,0,8,1,1,61.0,48462.0,4,2023-07-24 08:00:00
333054,2023-07-24,0,8,8764,8764,63.0,946.0432450935646,11,2023-07-24 08:00:00
333055,2023-07-24,0,8,82,82,62.0,531.0243902439024,1,2023-07-24 08:00:00
333056,2023-07-24,0,8,71,71,62.0,5117.521126760564,5,2023-07-24 08:00:00
333057,2023-07-24,0,8,3410,3410,63.0,604.3131964809385,7,2023-07-24 08:00:00
333058,2023-07-24,0,8,1,1,63.0,173.0,3,2023-07-24 08:00:00
333060,2023-07-24,0,8,13,13,0.0,378250.07692307694,10,2023-07-24 08:00:00
333061,2023-07-24,0,9,10985,10985,63.95575785161584,645.3578516158398,2,2023-07-24 09:00:00
333062,2023-07-24,0,9,2,2,61.0,64222.5,4,2023-07-24 09:00:00
333063,2023-07-24,0,9,15371,15371,63.0,941.8180339600548,11,2023-07-24 09:00:00
333064,2023-07-24,0,9,127,127,62.0,558.4724409448819,1,2023-07-24 09:00:00
333065,2023-07-24,0,9,91,91,62.0,1118.1208791208792,5,2023-07-24 09:00:00
333066,2023-07-24,0,9,5404,5404,63.0,605.2727609178386,7,2023-07-24 09:00:00
333068,2023-07-24,0,9,3,3,63.0,1698.3333333333333,0,2023-07-24 09:00:00
333069,2023-07-24,0,9,21,21,0.0,378250.2380952381,10,2023-07-24 09:00:00
333070,2023-07-24,0,9,5766,5766,63.96357960457856,632.3480749219563,2,2023-07-24 09:00:00
333071,2023-07-24,0,9,7468,7468,63.0,929.6871987145151,11,2023-07-24 09:00:00
333072,2023-07-24,0,9,62,62,62.0,536.5967741935484,1,2023-07-24 09:00:00
333073,2023-07-24,0,9,64,64,62.0,1120.234375,5,2023-07-24 09:00:00
333074,2023-07-24,0,9,3012,3012,63.0,603.1683266932271,7,2023-07-24 09:00:00
333076,2023-07-24,0,9,1,1,63.0,945.0,0,2023-07-24 09:00:00
333077,2023-07-24,0,9,9,9,0.0,378250.2222222223,10,2023-07-24 09:00:00
333078,2023-07-24,0,10,12466,12466,63.9578854484197,656.8547248515963,2,2023-07-24 10:00:00
333079,2023-07-24,0,10,3,3,61.0,37093.66666666666,4,2023-07-24 10:00:00
333080,2023-07-24,0,10,15635,15635,63.0,960.1392388871122,11,2023-07-24 10:00:00
333081,2023-07-24,0,10,121,121,62.0,489.92561983471074,1,2023-07-24 10:00:00
333082,2023-07-24,0,10,135,135,62.0,1090.5185185185185,5,2023-07-24 10:00:00
333083,2023-07-24,0,10,6216,6216,63.0,603.1002252252252,7,2023-07-24 10:00:00
333084,2023-07-24,0,10,1,1,62.0,383.0,8,2023-07-24 10:00:00
333085,2023-07-24,0,10,1,1,63.0,2378.0,0,2023-07-24 10:00:00
333086,2023-07-24,0,10,20,20,0.0,378249.9,10,2023-07-24 10:00:00
333087,2023-07-24,0,10,6738,6738,63.97417631344613,645.8747402790145,2,2023-07-24 10:00:00
333088,2023-07-24,0,10,1,1,61.0,21983.0,4,2023-07-24 10:00:00
333089,2023-07-24,0,10,8372,8372,63.0,985.0795508838988,11,2023-07-24 10:00:00
333090,2023-07-24,0,10,331,331,62.0,340.9637462235649,1,2023-07-24 10:00:00
333091,2023-07-24,0,10,71,71,62.0,874.4225352112676,5,2023-07-24 10:00:00
333092,2023-07-24,0,10,3677,3677,63.0,602.276856132717,7,2023-07-24 10:00:00
333093,2023-07-24,0,10,1,1,62.0,318.0,8,2023-07-24 10:00:00
333094,2023-07-24,0,10,10,10,0.0,378250.1,10,2023-07-24 10:00:00
333095,2023-07-24,0,11,11098,11098,63.94809875653271,634.1688592539197,2,2023-07-24 11:00:00
333096,2023-07-24,0,11,3,3,61.0,39015.0,4,2023-07-24 11:00:00
333098,2023-07-24,0,11,14185,14185,63.0,957.0236869933028,11,2023-07-24 11:00:00
333099,2023-07-24,0,11,41,41,62.0,591.8536585365854,1,2023-07-24 11:00:00
333100,2023-07-24,0,11,180,180,62.0,2711.2166666666667,5,2023-07-24 11:00:00
333101,2023-07-24,0,11,6234,6234,63.0,602.0259865255053,7,2023-07-24 11:00:00
333102,2023-07-24,0,11,1,1,62.0,318.0,8,2023-07-24 11:00:00
333103,2023-07-24,0,11,2,2,63.0,1534.5,0,2023-07-24 11:00:00
333104,2023-07-24,0,11,19,19,0.0,378249.8947368421,10,2023-07-24 11:00:00
333105,2023-07-24,0,11,6418,6418,63.97522592708009,641.6752882517918,2,2023-07-24 11:00:00
333106,2023-07-24,0,11,7997,7997,63.0,918.4630486432412,11,2023-07-24 11:00:00
333108,2023-07-24,0,11,66,66,62.0,1165.6515151515152,5,2023-07-24 11:00:00
333109,2023-07-24,0,11,3469,3469,63.0,600.473623522629,7,2023-07-24 11:00:00
333110,2023-07-24,0,11,1,1,63.0,945.0,0,2023-07-24 11:00:00
333111,2023-07-24,0,11,11,11,0.0,378249.8181818182,10,2023-07-24 11:00:00
333112,2023-07-24,0,12,11615,11615,63.94498493327593,644.8622470942746,2,2023-07-24 12:00:00
333113,2023-07-24,0,12,14649,14649,63.0,921.0955696634584,11,2023-07-24 12:00:00
333114,2023-07-24,0,12,5,5,62.0,558.8,1,2023-07-24 12:00:00
333115,2023-07-24,0,12,198,198,62.0,2518.813131313131,5,2023-07-24 12:00:00
333116,2023-07-24,0,12,6535,6535,63.0,600.16480489671,7,2023-07-24 12:00:00
333117,2023-07-24,0,12,1,0,60.0,1468.0,3,2023-07-24 12:00:00
333118,2023-07-24,0,12,5,5,63.0,1444.4,0,2023-07-24 12:00:00
333119,2023-07-24,0,12,24,24,0.0,378250.0833333333,10,2023-07-24 12:00:00
333120,2023-07-24,0,12,2901,2901,63.96380558428128,625.8886590830748,2,2023-07-24 12:00:00
333121,2023-07-24,0,12,3876,3876,63.0,915.7889576883384,11,2023-07-24 12:00:00
333122,2023-07-24,0,12,1,1,62.0,301.0,1,2023-07-24 12:00:00
333123,2023-07-24,0,12,19,19,62.0,15843.947368421052,5,2023-07-24 12:00:00
333124,2023-07-24,0,12,1607,1607,63.0,600.1313005600498,7,2023-07-24 12:00:00
333125,2023-07-24,0,12,6,6,0.0,378249.6666666667,10,2023-07-24 12:00:00
333126,2023-07-24,0,13,14531,14531,63.95334113275067,644.1454132544216,2,2023-07-24 13:00:00
333127,2023-07-24,0,13,2,2,61.0,11001.0,4,2023-07-24 13:00:00
333128,2023-07-24,0,13,2,2,62.0,516.5,6,2023-07-24 13:00:00
333129,2023-07-24,0,13,19618,19618,63.0,920.63431542461,11,2023-07-24 13:00:00
333130,2023-07-24,0,13,118,118,62.0,583.8983050847457,1,2023-07-24 13:00:00
333131,2023-07-24,0,13,172,172,62.0,4425.575581395349,5,2023-07-24 13:00:00
333132,2023-07-24,0,13,8102,8102,63.0,602.6755122192052,7,2023-07-24 13:00:00
333133,2023-07-24,0,13,7,7,62.0,419.7142857142857,8,2023-07-24 13:00:00
333134,2023-07-24,0,13,29,29,0.0,378249.6896551724,10,2023-07-24 13:00:00
333135,2023-07-24,0,13,738,738,64.0,632.3252032520326,2,2023-07-24 13:00:00
333136,2023-07-24,0,13,945,945,63.0,928.3301587301588,11,2023-07-24 13:00:00
333137,2023-07-24,0,13,8,8,62.0,628.0,1,2023-07-24 13:00:00
333138,2023-07-24,0,13,3,3,62.0,274.3333333333333,5,2023-07-24 13:00:00
333139,2023-07-24,0,13,367,367,63.0,602.7629427792915,7,2023-07-24 13:00:00
333140,2023-07-24,0,13,1,1,0.0,378250.0,10,2023-07-24 13:00:00
333141,2023-07-24,0,14,17026,17026,63.95964994713967,651.8322565488077,2,2023-07-24 14:00:00
333142,2023-07-24,0,14,1,1,61.0,23531.0,4,2023-07-24 14:00:00
333143,2023-07-24,0,14,21841,21841,63.0,936.0866718556842,11,2023-07-24 14:00:00
333144,2023-07-24,0,14,168,168,62.0,547.6309523809524,1,2023-07-24 14:00:00
333145,2023-07-24,0,14,222,222,62.0,2334.0,5,2023-07-24 14:00:00
333146,2023-07-24,0,14,9610,9610,63.0,604.1990634755463,7,2023-07-24 14:00:00
333147,2023-07-24,0,14,11,11,62.0,389.09090909090907,8,2023-07-24 14:00:00
333148,2023-07-24,0,14,7,7,63.0,1262.0,0,2023-07-24 14:00:00
333149,2023-07-24,0,14,28,28,0.0,378250.53571428574,10,2023-07-24 14:00:00
333150,2023-07-24,0,14,1076,1076,64.0,650.7165427509294,2,2023-07-24 14:00:00
333151,2023-07-24,0,14,1410,1410,63.0,947.4531914893618,11,2023-07-24 14:00:00
333152,2023-07-24,0,14,9,9,62.0,509.77777777777777,1,2023-07-24 14:00:00
333153,2023-07-24,0,14,3,3,62.0,1548.6666666666667,5,2023-07-24 14:00:00
333154,2023-07-24,0,14,606,606,63.0,605.9521452145215,7,2023-07-24 14:00:00
333155,2023-07-24,0,14,2,2,0.0,378251.0,10,2023-07-24 14:00:00
333156,2023-07-24,0,15,16564,16564,63.95453996619174,644.676285921275,2,2023-07-24 15:00:00
333157,2023-07-24,0,15,2,2,61.0,41476.0,4,2023-07-24 15:00:00
333158,2023-07-24,0,15,1,1,62.0,428.0,6,2023-07-24 15:00:00
333159,2023-07-24,0,15,21629,21629,63.0,941.6153775024274,11,2023-07-24 15:00:00
333160,2023-07-24,0,15,149,149,62.0,579.4026845637584,1,2023-07-24 15:00:00
333161,2023-07-24,0,15,228,228,62.0,3497.5131578947367,5,2023-07-24 15:00:00
333162,2023-07-24,0,15,9257,9257,63.0,604.4695905801016,7,2023-07-24 15:00:00
333163,2023-07-24,0,15,9,9,62.0,1142.3333333333333,8,2023-07-24 15:00:00
333164,2023-07-24,0,15,3,3,63.0,2306.333333333333,0,2023-07-24 15:00:00
333165,2023-07-24,0,15,26,26,0.0,378251.1923076923,10,2023-07-24 15:00:00
333166,2023-07-24,0,15,2419,2419,63.998759818106656,680.9169078131459,2,2023-07-24 15:00:00
333167,2023-07-24,0,15,3312,3312,63.0,957.9764492753624,11,2023-07-24 15:00:00
333168,2023-07-24,0,15,26,26,62.0,482.46153846153845,1,2023-07-24 15:00:00
333169,2023-07-24,0,15,16,16,62.0,569.5625,5,2023-07-24 15:00:00
333170,2023-07-24,0,15,1356,1356,63.0,603.6526548672566,7,2023-07-24 15:00:00
333172,2023-07-24,0,15,4,4,0.0,378251.5,10,2023-07-24 15:00:00
333173,2023-07-24,0,16,15119,15119,63.95217937694292,635.1175342284542,2,2023-07-24 16:00:00
333174,2023-07-24,0,16,2,2,61.0,34757.5,4,2023-07-24 16:00:00
333175,2023-07-24,0,16,19562,19562,63.0,966.1282588692362,11,2023-07-24 16:00:00
333176,2023-07-24,0,16,113,113,62.0,514.6106194690266,1,2023-07-24 16:00:00
333177,2023-07-24,0,16,198,198,62.0,998.3737373737374,5,2023-07-24 16:00:00
333178,2023-07-24,0,16,8821,8821,63.0,603.9495522049655,7,2023-07-24 16:00:00
333179,2023-07-24,0,16,3,3,62.0,530.6666666666666,8,2023-07-24 16:00:00
333180,2023-07-24,0,16,25,25,0.0,378251.4,10,2023-07-24 16:00:00
333181,2023-07-24,0,16,3151,3151,64.0,641.2351634401778,2,2023-07-24 16:00:00
333182,2023-07-24,0,16,1,1,62.0,428.0,6,2023-07-24 16:00:00
333183,2023-07-24,0,16,4199,4199,63.0,928.7511312217194,11,2023-07-24 16:00:00
333184,2023-07-24,0,16,15,15,62.0,581.2666666666667,1,2023-07-24 16:00:00
333185,2023-07-24,0,16,17,17,62.0,17835.117647058825,5,2023-07-24 16:00:00
333186,2023-07-24,0,16,1836,1836,63.0,603.6377995642702,7,2023-07-24 16:00:00
333187,2023-07-24,0,16,3,3,62.0,318.0,8,2023-07-24 16:00:00
333188,2023-07-24,0,16,3,3,63.0,1273.3333333333333,0,2023-07-24 16:00:00
333189,2023-07-24,0,16,5,5,0.0,378251.2,10,2023-07-24 16:00:00
333190,2023-07-24,0,17,14477,14477,63.95441044415279,632.9983421979692,2,2023-07-24 17:00:00
333191,2023-07-24,0,17,1,1,61.0,114846.0,4,2023-07-24 17:00:00
333192,2023-07-24,0,17,18715,18715,63.0,929.4147475287202,11,2023-07-24 17:00:00
333193,2023-07-24,0,17,12,12,62.0,641.0833333333334,1,2023-07-24 17:00:00
333194,2023-07-24,0,17,170,170,62.0,6082.611764705883,5,2023-07-24 17:00:00
333195,2023-07-24,0,17,8366,8366,63.0,600.7628496294525,7,2023-07-24 17:00:00
333196,2023-07-24,0,17,1,1,62.0,939.0,8,2023-07-24 17:00:00
333197,2023-07-24,0,17,26,26,0.0,378251.4615384616,10,2023-07-24 17:00:00
333198,2023-07-24,0,17,1996,1996,64.0,630.3481963927856,2,2023-07-24 17:00:00
333199,2023-07-24,0,17,2565,2565,63.0,916.7021442495128,11,2023-07-24 17:00:00
333200,2023-07-24,0,17,45,45,62.0,1165.4444444444443,5,2023-07-24 17:00:00
333201,2023-07-24,0,17,1102,1102,63.0,600.2350272232305,7,2023-07-24 17:00:00
333202,2023-07-24,0,17,1,1,62.0,318.0,8,2023-07-24 17:00:00
333203,2023-07-24,0,17,4,4,0.0,378251.75,10,2023-07-24 17:00:00
333204,2023-07-24,0,18,16081,16081,63.95746533175797,632.5178160562155,2,2023-07-24 18:00:00
333205,2023-07-24,0,18,3,3,61.0,47580.66666666666,4,2023-07-24 18:00:00
333207,2023-07-24,0,18,19670,19670,63.0,918.7556685307576,11,2023-07-24 18:00:00
333208,2023-07-24,0,18,4,4,62.0,625.75,1,2023-07-24 18:00:00
333209,2023-07-24,0,18,156,156,62.0,1047.4358974358977,5,2023-07-24 18:00:00
333210,2023-07-24,0,18,8742,8742,63.0,599.7650423244108,7,2023-07-24 18:00:00
333211,2023-07-24,0,18,1,0,60.0,1468.0,3,2023-07-24 18:00:00
333212,2023-07-24,0,18,3,3,62.0,339.6666666666667,8,2023-07-24 18:00:00
333213,2023-07-24,0,18,30,30,0.0,378251.3666666666,10,2023-07-24 18:00:00
338006,2023-07-24,0,17,9212,9212,63.963851498046026,649.3026487190621,2,2023-07-24 17:00:00
338007,2023-07-24,0,17,1,1,61.0,32473.0,4,2023-07-24 17:00:00
338008,2023-07-24,0,17,11969,11969,63.0,965.7401620853872,11,2023-07-24 17:00:00
338009,2023-07-24,0,17,3,3,62.0,535.6666666666666,1,2023-07-24 17:00:00
338010,2023-07-24,0,17,177,177,62.0,4308.406779661017,5,2023-07-24 17:00:00
338011,2023-07-24,0,17,5199,5199,63.0,600.1444508559339,7,2023-07-24 17:00:00
338012,2023-07-24,0,17,17,17,0.0,378250.4705882353,10,2023-07-24 17:00:00
338013,2023-07-24,0,18,8555,8555,63.93793103448276,626.9416715371128,2,2023-07-24 18:00:00
338014,2023-07-24,0,18,1,1,61.0,22659.0,4,2023-07-24 18:00:00
338015,2023-07-24,0,18,2,2,62.0,515.5,6,2023-07-24 18:00:00
338016,2023-07-24,0,18,10959,10959,63.0,907.4835295191168,11,2023-07-24 18:00:00
338017,2023-07-24,0,18,3,3,62.0,623.6666666666666,1,2023-07-24 18:00:00
338018,2023-07-24,0,18,113,113,62.0,3659.902654867257,5,2023-07-24 18:00:00
338019,2023-07-24,0,18,4761,4761,63.0,600.0260449485402,7,2023-07-24 18:00:00
338020,2023-07-24,0,18,17,17,0.0,378250.4705882353,10,2023-07-24 18:00:00
445736,2023-07-24,0,6,3169,3169,63.82675923004102,591.8450615336068,2,2023-07-24 06:00:00
445737,2023-07-24,0,6,4748,4748,63.0,852.7042965459141,11,2023-07-24 06:00:00
445738,2023-07-24,0,6,27,27,62.0,11265.0,5,2023-07-24 06:00:00
445739,2023-07-24,0,6,1094,1094,63.0,600.053016453382,7,2023-07-24 06:00:00
445740,2023-07-24,0,6,22,22,0.0,378252.1363636364,10,2023-07-24 06:00:00
445741,2023-07-24,0,6,1637,1637,63.89004276114844,614.4825901038485,2,2023-07-24 06:00:00
445742,2023-07-24,0,6,1996,1996,63.0,890.9549098196393,11,2023-07-24 06:00:00
445743,2023-07-24,0,6,12,12,62.0,24215.416666666668,5,2023-07-24 06:00:00
445744,2023-07-24,0,6,511,511,63.0,599.9960861056751,7,2023-07-24 06:00:00
445745,2023-07-24,0,6,8,8,0.0,378252.0,10,2023-07-24 06:00:00
445746,2023-07-24,0,7,8751,8751,63.92183750428522,611.0260541652383,2,2023-07-24 07:00:00
445747,2023-07-24,0,7,11479,11479,63.0,912.455004791358,11,2023-07-24 07:00:00
445748,2023-07-24,0,7,75,75,62.0,459.52,1,2023-07-24 07:00:00
445749,2023-07-24,0,7,162,162,62.0,4488.703703703704,5,2023-07-24 07:00:00
445750,2023-07-24,0,7,3651,3651,63.0,604.152013147083,7,2023-07-24 07:00:00
445752,2023-07-24,0,7,30,30,0.0,378251.8333333333,10,2023-07-24 07:00:00
445753,2023-07-24,0,8,8007,8007,64.0,623.6886474334957,2,2023-07-24 08:00:00
445754,2023-07-24,0,8,1,1,61.0,112.0,4,2023-07-24 08:00:00
445756,2023-07-24,0,8,10706,10706,63.0,941.8874462917988,11,2023-07-24 08:00:00
445757,2023-07-24,0,8,129,129,62.0,445.1937984496124,1,2023-07-24 08:00:00
445758,2023-07-24,0,8,115,115,62.0,3561.086956521739,5,2023-07-24 08:00:00
445759,2023-07-24,0,8,3690,3690,63.0,605.2626016260162,7,2023-07-24 08:00:00
445760,2023-07-24,0,8,1,1,63.0,2358.0,0,2023-07-24 08:00:00
445761,2023-07-24,0,8,18,18,0.0,378251.27777777775,10,2023-07-24 08:00:00
445762,2023-07-24,0,8,6201,6201,63.99903241412675,645.6866634413805,2,2023-07-24 08:00:00
445763,2023-07-24,0,8,7994,7994,63.0,939.9394545909432,11,2023-07-24 08:00:00
445764,2023-07-24,0,8,69,69,62.0,474.1449275362319,1,2023-07-24 08:00:00
445765,2023-07-24,0,8,60,60,62.0,5751.95,5,2023-07-24 08:00:00
445766,2023-07-24,0,8,3005,3005,63.0,605.3194675540766,7,2023-07-24 08:00:00
445767,2023-07-24,0,8,1,1,63.0,947.0,0,2023-07-24 08:00:00
445768,2023-07-24,0,8,12,12,0.0,378251.5,10,2023-07-24 08:00:00
445769,2023-07-24,0,9,11521,11521,63.958076555854525,643.898446315424,2,2023-07-24 09:00:00
445770,2023-07-24,0,9,16230,16230,63.0,958.2357362908194,11,2023-07-24 09:00:00
445771,2023-07-24,0,9,132,132,62.0,539.6363636363636,1,2023-07-24 09:00:00
445772,2023-07-24,0,9,78,78,62.0,930.0769230769232,5,2023-07-24 09:00:00
445773,2023-07-24,0,9,5659,5659,63.0,604.3521823643754,7,2023-07-24 09:00:00
445774,2023-07-24,0,9,2,2,62.0,318.0,8,2023-07-24 09:00:00
445775,2023-07-24,0,9,6,6,63.0,1758.3333333333333,0,2023-07-24 09:00:00
445776,2023-07-24,0,9,21,21,0.0,378251.8095238095,10,2023-07-24 09:00:00
445777,2023-07-24,0,9,5240,5240,63.96793893129771,637.4898854961832,2,2023-07-24 09:00:00
445778,2023-07-24,0,9,6648,6648,62.9996991576414,940.5788206979544,11,2023-07-24 09:00:00
445779,2023-07-24,0,9,44,44,62.0,505.70454545454544,1,2023-07-24 09:00:00
445780,2023-07-24,0,9,59,59,62.0,5992.406779661017,5,2023-07-24 09:00:00
445781,2023-07-24,0,9,2727,2727,63.0,603.1565823248992,7,2023-07-24 09:00:00
445782,2023-07-24,0,9,1,1,62.0,5948.0,8,2023-07-24 09:00:00
445783,2023-07-24,0,9,9,9,0.0,378251.6666666667,10,2023-07-24 09:00:00
445784,2023-07-24,0,10,13031,13031,63.95833013582995,655.2876218248791,2,2023-07-24 10:00:00
445785,2023-07-24,0,10,1,1,61.0,20934.0,4,2023-07-24 10:00:00
445786,2023-07-24,0,10,16298,16298,63.0,984.649895692723,11,2023-07-24 10:00:00
445787,2023-07-24,0,10,124,124,62.0,505.0887096774193,1,2023-07-24 10:00:00
445788,2023-07-24,0,10,174,174,62.0,2667.919540229885,5,2023-07-24 10:00:00
445789,2023-07-24,0,10,6594,6594,63.0,603.4720958447073,7,2023-07-24 10:00:00
445790,2023-07-24,0,10,4,4,62.0,461.5,8,2023-07-24 10:00:00
445791,2023-07-24,0,10,1,1,63.0,1937.0,0,2023-07-24 10:00:00
445792,2023-07-24,0,10,20,20,0.0,378251.55,10,2023-07-24 10:00:00
445793,2023-07-24,0,10,6069,6069,63.97528423133959,644.3250947437799,2,2023-07-24 10:00:00
445794,2023-07-24,0,10,7710,7710,63.0,938.418158236057,11,2023-07-24 10:00:00
445795,2023-07-24,0,10,323,323,62.0,334.312693498452,1,2023-07-24 10:00:00
445796,2023-07-24,0,10,77,77,62.0,1001.9090909090908,5,2023-07-24 10:00:00
445797,2023-07-24,0,10,3371,3371,63.0,602.0566597448828,7,2023-07-24 10:00:00
445798,2023-07-24,0,10,10,10,0.0,378251.7,10,2023-07-24 10:00:00
445799,2023-07-24,0,11,11855,11855,63.95596794601434,632.452973428933,2,2023-07-24 11:00:00
445800,2023-07-24,0,11,3,3,61.0,51990.333333333336,4,2023-07-24 11:00:00
445802,2023-07-24,0,11,14752,14752,63.0,944.9275352494576,11,2023-07-24 11:00:00
445803,2023-07-24,0,11,53,53,62.0,584.2830188679245,1,2023-07-24 11:00:00
445804,2023-07-24,0,11,188,188,62.0,2612.25,5,2023-07-24 11:00:00
445805,2023-07-24,0,11,6523,6523,63.0,602.0068986662578,7,2023-07-24 11:00:00
445806,2023-07-24,0,11,2,2,62.0,350.5,8,2023-07-24 11:00:00
445807,2023-07-24,0,11,3,3,63.0,1897.3333333333333,0,2023-07-24 11:00:00
445808,2023-07-24,0,11,19,19,0.0,378251.4736842105,10,2023-07-24 11:00:00
445809,2023-07-24,0,11,5827,5827,63.97116869744294,633.7755277158058,2,2023-07-24 11:00:00
445810,2023-07-24,0,11,7296,7296,62.99972587719298,927.3600603070176,11,2023-07-24 11:00:00
445811,2023-07-24,0,11,3,3,62.0,539.0,1,2023-07-24 11:00:00
445812,2023-07-24,0,11,59,59,62.0,1000.4406779661016,5,2023-07-24 11:00:00
445813,2023-07-24,0,11,3134,3134,63.0,600.1522016592214,7,2023-07-24 11:00:00
445814,2023-07-24,0,11,11,11,0.0,378251.4545454545,10,2023-07-24 11:00:00
445815,2023-07-24,0,12,12213,12213,63.9400638663719,627.5110947351183,2,2023-07-24 12:00:00
445816,2023-07-24,0,12,15474,15474,63.0,933.912821507044,11,2023-07-24 12:00:00
445817,2023-07-24,0,12,5,5,62.0,559.2,1,2023-07-24 12:00:00
445818,2023-07-24,0,12,205,205,62.0,2502.4341463414635,5,2023-07-24 12:00:00
445819,2023-07-24,0,12,6742,6742,63.0,600.0680806882231,7,2023-07-24 12:00:00
445820,2023-07-24,0,12,2,0,60.0,1468.0,3,2023-07-24 12:00:00
445821,2023-07-24,0,12,1,1,63.0,1937.0,0,2023-07-24 12:00:00
445822,2023-07-24,0,12,24,24,0.0,378251.7083333333,10,2023-07-24 12:00:00
445823,2023-07-24,0,12,2344,2344,64.0,628.2290955631399,2,2023-07-24 12:00:00
445824,2023-07-24,0,12,3073,3073,63.0,924.237227465018,11,2023-07-24 12:00:00
445825,2023-07-24,0,12,2,2,62.0,457.0,1,2023-07-24 12:00:00
445826,2023-07-24,0,12,9,9,62.0,738.0,5,2023-07-24 12:00:00
445827,2023-07-24,0,12,1338,1338,63.0,599.7825112107623,7,2023-07-24 12:00:00
445828,2023-07-24,0,12,6,6,0.0,378251.0,10,2023-07-24 12:00:00
445829,2023-07-24,0,13,15309,15309,63.95394865765236,643.8176889411458,2,2023-07-24 13:00:00
445830,2023-07-24,0,13,5,5,61.0,49064.2,4,2023-07-24 13:00:00
445831,2023-07-24,0,13,1,1,62.0,604.0,6,2023-07-24 13:00:00
445832,2023-07-24,0,13,20030,20030,63.0,930.3405891163256,11,2023-07-24 13:00:00
445833,2023-07-24,0,13,115,115,62.0,558.9304347826087,1,2023-07-24 13:00:00
445834,2023-07-24,0,13,174,174,62.0,1054.5977011494251,5,2023-07-24 13:00:00
445835,2023-07-24,0,13,8547,8547,63.0,602.3339183339183,7,2023-07-24 13:00:00
445836,2023-07-24,0,13,5,5,62.0,671.6,8,2023-07-24 13:00:00
445837,2023-07-24,0,13,5,5,63.0,1399.4,0,2023-07-24 13:00:00
445838,2023-07-24,0,13,29,29,0.0,378251.4137931034,10,2023-07-24 13:00:00
445839,2023-07-24,0,13,155,155,64.0,622.8709677419355,2,2023-07-24 13:00:00
445840,2023-07-24,0,13,188,188,63.0,917.1117021276596,11,2023-07-24 13:00:00
445841,2023-07-24,0,13,79,79,63.0,605.8607594936709,7,2023-07-24 13:00:00
445842,2023-07-24,0,13,1,1,0.0,378252.0,10,2023-07-24 13:00:00
445843,2023-07-24,0,14,17472,17472,63.9584478021978,653.9785943223443,2,2023-07-24 14:00:00
445844,2023-07-24,0,14,4,4,61.0,34030.5,4,2023-07-24 14:00:00
445845,2023-07-24,0,14,1,1,62.0,428.0,6,2023-07-24 14:00:00
445846,2023-07-24,0,14,22865,22865,63.0,966.6261972446972,11,2023-07-24 14:00:00
445847,2023-07-24,0,14,168,168,62.0,536.3869047619048,1,2023-07-24 14:00:00
445848,2023-07-24,0,14,233,233,62.0,2290.184549356223,5,2023-07-24 14:00:00
445849,2023-07-24,0,14,9767,9767,63.0,604.5458175488891,7,2023-07-24 14:00:00
445850,2023-07-24,0,14,4,4,62.0,818.0,8,2023-07-24 14:00:00
445851,2023-07-24,0,14,5,5,63.0,2217.0,0,2023-07-24 14:00:00
445852,2023-07-24,0,14,29,29,0.0,378251.4482758621,10,2023-07-24 14:00:00
445853,2023-07-24,0,14,491,491,64.0,728.6028513238289,2,2023-07-24 14:00:00
445854,2023-07-24,0,14,664,664,63.0,941.3328313253012,11,2023-07-24 14:00:00
445855,2023-07-24,0,14,4,4,62.0,568.0,1,2023-07-24 14:00:00
445856,2023-07-24,0,14,4,4,62.0,471.75,5,2023-07-24 14:00:00
445857,2023-07-24,0,14,308,308,63.0,604.7012987012987,7,2023-07-24 14:00:00
445858,2023-07-24,0,14,1,1,0.0,378251.0,10,2023-07-24 14:00:00
445859,2023-07-24,0,15,17020,17020,63.95787309048178,646.3146298472385,2,2023-07-24 15:00:00
445860,2023-07-24,0,15,2,2,61.0,16359.5,4,2023-07-24 15:00:00
445861,2023-07-24,0,15,22518,22518,63.0,963.0168309796608,11,2023-07-24 15:00:00
445862,2023-07-24,0,15,162,162,62.0,563.6666666666666,1,2023-07-24 15:00:00
445863,2023-07-24,0,15,220,220,62.0,3595.85,5,2023-07-24 15:00:00
445864,2023-07-24,0,15,9537,9537,63.0,604.6978085351788,7,2023-07-24 15:00:00
445865,2023-07-24,0,15,7,7,62.0,417.7142857142857,8,2023-07-24 15:00:00
445866,2023-07-24,0,15,6,6,63.0,1362.3333333333333,0,2023-07-24 15:00:00
445867,2023-07-24,0,15,27,27,0.0,378251.4074074074,10,2023-07-24 15:00:00
445868,2023-07-24,0,15,1909,1909,64.0,659.6746987951807,2,2023-07-24 15:00:00
445869,2023-07-24,0,15,2505,2505,63.0,944.7804391217564,11,2023-07-24 15:00:00
445870,2023-07-24,0,15,16,16,62.0,547.1875,1,2023-07-24 15:00:00
445871,2023-07-24,0,15,5,5,62.0,1840.8,5,2023-07-24 15:00:00
445872,2023-07-24,0,15,1062,1062,63.0,603.7316384180791,7,2023-07-24 15:00:00
445873,2023-07-24,0,15,1,1,63.0,1319.0,0,2023-07-24 15:00:00
445874,2023-07-24,0,15,3,3,0.0,378252.3333333333,10,2023-07-24 15:00:00
445875,2023-07-24,0,16,15555,15555,63.95525554484089,638.551012536162,2,2023-07-24 16:00:00
445876,2023-07-24,0,16,20635,20635,63.0,935.4309183426218,11,2023-07-24 16:00:00
445877,2023-07-24,0,16,107,107,62.0,589.8130841121496,1,2023-07-24 16:00:00
445878,2023-07-24,0,16,181,181,62.0,4227.92817679558,5,2023-07-24 16:00:00
445879,2023-07-24,0,16,8971,8971,63.0,603.9667818526362,7,2023-07-24 16:00:00
445880,2023-07-24,0,16,5,5,62.0,547.2,8,2023-07-24 16:00:00
445881,2023-07-24,0,16,3,3,63.0,1063.0,0,2023-07-24 16:00:00
445882,2023-07-24,0,16,25,25,0.0,378251.36,10,2023-07-24 16:00:00
445883,2023-07-24,0,16,2603,2603,64.0,637.4736842105264,2,2023-07-24 16:00:00
445884,2023-07-24,0,16,3460,3460,63.0,923.5670520231214,11,2023-07-24 16:00:00
445885,2023-07-24,0,16,8,8,62.0,621.0,1,2023-07-24 16:00:00
445886,2023-07-24,0,16,18,18,62.0,628.7777777777778,5,2023-07-24 16:00:00
445887,2023-07-24,0,16,1496,1496,63.0,603.5427807486631,7,2023-07-24 16:00:00
445888,2023-07-24,0,16,2,2,62.0,350.5,8,2023-07-24 16:00:00
445889,2023-07-24,0,16,3,3,63.0,1280.6666666666667,0,2023-07-24 16:00:00
445891,2023-07-24,0,17,15109,15109,63.955920312396586,644.19710106559,2,2023-07-24 17:00:00
445892,2023-07-24,0,17,4,4,61.0,88348.5,4,2023-07-24 17:00:00
445893,2023-07-24,0,17,19440,19440,63.0,938.5840534979424,11,2023-07-24 17:00:00
445894,2023-07-24,0,17,13,13,62.0,619.6923076923077,1,2023-07-24 17:00:00
445895,2023-07-24,0,17,178,178,62.0,1018.5337078651686,5,2023-07-24 17:00:00
445896,2023-07-24,0,17,8626,8626,63.0,600.7640853234408,7,2023-07-24 17:00:00
445897,2023-07-24,0,17,1,0,60.0,1468.0,3,2023-07-24 17:00:00
445898,2023-07-24,0,17,6,6,62.0,704.8333333333334,8,2023-07-24 17:00:00
445899,2023-07-24,0,17,27,27,0.0,378251.1111111111,10,2023-07-24 17:00:00
445900,2023-07-24,0,17,1443,1443,64.0,659.3645183645184,2,2023-07-24 17:00:00
445901,2023-07-24,0,17,1839,1839,63.0,897.2898314301251,11,2023-07-24 17:00:00
445902,2023-07-24,0,17,20,20,62.0,1186.4,5,2023-07-24 17:00:00
445903,2023-07-24,0,17,765,765,63.0,600.0797385620915,7,2023-07-24 17:00:00
445904,2023-07-24,0,17,3,3,0.0,378251.6666666667,10,2023-07-24 17:00:00
445905,2023-07-24,0,18,15792,15792,63.95877659574468,637.2632345491388,2,2023-07-24 18:00:00
445906,2023-07-24,0,18,1,1,61.0,22226.0,4,2023-07-24 18:00:00
445907,2023-07-24,0,18,3,3,62.0,486.3333333333333,6,2023-07-24 18:00:00
445908,2023-07-24,0,18,19763,19763,62.99979760157871,915.1822091787684,11,2023-07-24 18:00:00
445909,2023-07-24,0,18,3,3,62.0,627.0,1,2023-07-24 18:00:00
445910,2023-07-24,0,18,196,196,62.0,2497.173469387755,5,2023-07-24 18:00:00
445911,2023-07-24,0,18,8900,8900,63.0,599.8858426966292,7,2023-07-24 18:00:00
445913,2023-07-24,0,18,2,2,62.0,2803.0,8,2023-07-24 18:00:00
445914,2023-07-24,0,18,30,30,0.0,378251.06666666665,10,2023-07-24 18:00:00
450654,2023-07-24,0,17,8393,8393,63.95782199451924,642.6242106517336,2,2023-07-24 17:00:00
450655,2023-07-24,0,17,1,1,61.0,17073.0,4,2023-07-24 17:00:00
450656,2023-07-24,0,17,10982,10982,63.0,924.5460753961028,11,2023-07-24 17:00:00
450657,2023-07-24,0,17,3,3,62.0,644.6666666666666,1,2023-07-24 17:00:00
450658,2023-07-24,0,17,178,178,62.0,2789.0224719101125,5,2023-07-24 17:00:00
450659,2023-07-24,0,17,4727,4727,63.0,600.243706367675,7,2023-07-24 17:00:00
450661,2023-07-24,0,17,16,16,0.0,378255.6875,10,2023-07-24 17:00:00
450662,2023-07-24,0,18,9385,9385,63.94310069259456,628.3953116675546,2,2023-07-24 18:00:00
450663,2023-07-24,0,18,1,1,61.0,16353.0,4,2023-07-24 18:00:00
450664,2023-07-24,0,18,3,3,62.0,563.3333333333334,6,2023-07-24 18:00:00
450665,2023-07-24,0,18,11891,11891,62.99983180556723,921.5364561433016,11,2023-07-24 18:00:00
450666,2023-07-24,0,18,1,1,62.0,624.0,1,2023-07-24 18:00:00
450667,2023-07-24,0,18,108,108,62.0,1075.9722222222222,5,2023-07-24 18:00:00
450668,2023-07-24,0,18,5279,5279,63.0,599.9001704868347,7,2023-07-24 18:00:00
450669,2023-07-24,0,18,2,2,63.0,1437.5,0,2023-07-24 18:00:00
450670,2023-07-24,0,18,18,18,0.0,378255.1666666667,10,2023-07-24 18:00:00
