mean_data_usage,mean_exec_time,total_calls,total_success,mean_data_usage,mean_exec_time,total_calls,total_success,mean_data_usage,mean_exec_time,total_calls,total_success,mean_data_usage,mean_exec_time,total_calls,total_success,mean_data_usage,mean_exec_time,total_calls,total_success,mean_data_usage,mean_exec_time,total_calls,total_success,mean_data_usage,mean_exec_time,total_calls,total_success,mean_data_usage,mean_exec_time,total_calls,total_success,mean_data_usage,mean_exec_time,total_calls,total_success,mean_data_usage,mean_exec_time,total_calls,total_success,mean_data_usage,mean_exec_time,total_calls,total_success
0,0,0,0,1,1,1,1,2,2,2,2,3,3,3,3,4,4,4,4,5,5,5,5,6,6,6,6,7,7,7,7,8,8,8,8,9,9,9,9,11,11,11,11
1262.3851190476191,63.0,26,26,533.6061767037329,62.0,516,516,657.930806007008,63.9614836789553,65227,65227,0.0,0.0,0,0,1164.0,0.0,1,0,2122.224308723787,62.0,885,885,0.0,0.0,0,0,604.0874245976436,63.0,33514,33514,742.8904761904762,62.0,15,15,0.0,0.0,0,0,953.5559978831149,63.0,85332,85332
1302.4444444444443,63.0,5,5,531.123644411631,62.0,489,489,660.4233179030659,63.96547801441055,78355,78355,0.0,0.0,0,0,1164.0,0.0,1,0,3986.795115539875,62.0,904,904,624.25,62.0,4,4,602.8860294287558,63.0,40086,40086,392.8373015873016,62.0,29,29,0.0,0.0,0,0,986.3442584562413,63.0,104457,104457
1644.45,63.0,11,11,539.0822756968641,62.0,204,204,670.1688662010074,63.9600292185882,68015,68015,0.0,0.0,0,0,0.0,0.0,0,0,2101.298467313257,62.0,938,938,515.0,62.0,2,2,601.3730821009743,63.0,35514,35514,402.5416666666667,62.0,7,7,0.0,0.0,0,0,966.0797160708341,63.0,87505,87505
1790.3333333333333,63.0,3,3,433.3295766733267,62.0,58,58,667.7774453010941,63.969741575037055,60923,60923,1468.0,60.0,1,0,0.0,0.0,0,0,2537.869237956136,62.0,967,967,505.6666666666667,62.0,3,3,600.1497337309812,63.0,28375,28375,367.0,62.0,5,5,0.0,0.0,0,0,944.3526139342983,62.99998625996153,77612,77612
1502.925,63.0,16,16,530.9828476215685,62.0,395,395,676.4640324613167,63.96142610169718,57323,57323,1468.0,60.0,1,0,0.0,0.0,0,0,929.4831115396279,62.0,797,797,515.5,62.0,2,2,606.8799002272151,63.0,31459,31459,504.35209235209237,62.0,35,35,0.0,0.0,0,0,943.9671178496276,63.0,75295,75295
1440.1666666666665,63.0,18,18,532.9729427764162,62.0,600,600,660.362188445547,63.92349277370782,67661,67661,0.0,0.0,0,0,0.0,0.0,0,0,2874.360460372831,62.0,921,921,487.0,62.0,1,1,603.6079390489289,63.0,37875,37875,608.9557387057387,62.0,47,47,0.0,0.0,0,0,949.1729674840356,62.999971059581085,88519,88519
2040.3166666666666,63.0,10,10,552.0209187572434,62.0,611,611,658.404629662811,63.94131749960519,70786,70786,0.0,0.0,0,0,1164.0,0.0,1,0,2962.982032961843,62.0,856,856,0.0,0.0,0,0,603.6000414843504,63.0,38648,38648,358.44444444444446,62.0,29,29,0.0,0.0,0,0,965.6607238319611,63.0,94338,94338
1300.7916666666667,63.0,9,9,530.7622094543696,62.0,387,387,654.2065311343513,63.910884725995274,68287,68287,1468.0,60.0,1,0,0.0,0.0,0,0,1810.4723462010525,62.0,948,948,625.5,62.0,4,4,604.2713862671521,63.0,38507,38507,409.99571428571426,62.0,26,26,0.0,0.0,0,0,944.8609585086821,63.0,90866,90866
1232.5,63.0,4,4,608.3492424242424,62.0,70,70,656.1199539205131,63.9309850901082,61859,61859,1468.0,60.0,1,0,0.0,0.0,0,0,2147.435909025368,62.0,807,807,487.0,62.0,1,1,601.2667484614943,63.0,34670,34670,434.2896825396826,62.0,28,28,775.0,63.0,1,1,935.1862520207666,62.99995455404466,80478,80478
1665.5,63.0,2,2,610.025,62.0,25,25,654.288704487864,63.948209927673005,58341,58341,1468.0,60.0,1,0,0.0,0.0,0,0,3170.1846395410976,62.0,777,777,516.5,62.0,2,2,600.0420826706846,63.0,31035,31035,182.46054421768707,62.0,25,13,754.0,63.0,1,1,925.8783560216926,63.0,74322,74322
0.0,0.0,0,0,622.8333333333334,62.0,12,12,655.8811240608037,63.95227889368053,55817,55817,0.0,0.0,0,0,0.0,0.0,0,0,3716.3413808334853,62.0,760,760,0.0,0.0,0,0,599.9648600444023,63.0,29079,29079,0.0,0.0,0,0,0.0,0.0,0,0,923.3267786610952,63.0,70376,70376
0.0,0.0,0,0,624.0,62.0,15,15,643.0078839753166,63.952220300423576,47187,47187,0.0,0.0,0,0,0.0,0.0,0,0,2233.353574447661,62.0,436,436,0.0,0.0,0,0,600.0045836963913,63.0,24627,24627,107.33333333333333,62.0,7,2,0.0,0.0,0,0,925.5161479159258,62.99991852841813,60050,60050
836.0,63.0,1,1,624.325,62.0,15,15,640.0192028923775,63.92797551326449,37328,37328,0.0,0.0,0,0,0.0,0.0,0,0,1627.0829037466385,62.0,510,510,0.0,0.0,0,0,599.7897458727819,63.0,19641,19641,0.0,0.0,0,0,0.0,0.0,0,0,912.1568711272239,63.0,49328,49328
0.0,0.0,0,0,624.0,62.0,3,3,638.53758072519,63.893744439664765,26063,26063,0.0,0.0,0,0,0.0,0.0,0,0,2905.3258546082984,62.0,433,433,0.0,0.0,0,0,599.7221563844303,63.0,13432,13432,0.0,0.0,0,0,0.0,0.0,0,0,920.4090116564385,63.0,34776,34776
836.0,63.0,1,1,624.0,62.0,1,1,629.4216454574081,63.84759803246152,14936,14936,0.0,0.0,0,0,0.0,0.0,0,0,8911.265104054442,62.0,224,224,0.0,0.0,0,0,599.5077064568532,63.0,7941,7941,0.0,0.0,0,0,0.0,0.0,0,0,888.115706996947,62.999781499562545,22465,22465
0.0,0.0,0,0,623.3333333333334,62.0,6,6,590.9419578945972,63.70253996546608,9370,9370,0.0,0.0,0,0,0.0,0.0,0,0,4483.266454508207,62.0,243,243,0.0,0.0,0,0,598.4525286788079,63.0,5149,5149,0.0,0.0,0,0,0.0,0.0,0,0,876.5460825231366,63.0,15326,15326
0.0,0.0,0,0,0.0,0.0,0,0,555.119563293755,63.574604437002286,6363,6363,0.0,0.0,0,0,0.0,0.0,0,0,8953.475336167889,62.0,184,184,0.0,0.0,0,0,599.0799914635768,63.0,3521,3521,0.0,0.0,0,0,0.0,0.0,0,0,816.5675923503746,63.0,13211,13211
0.0,0.0,0,0,0.0,0.0,0,0,505.6373927457098,63.396503623599706,4524,4524,0.0,0.0,0,0,0.0,0.0,0,0,10239.654966881913,62.0,157,157,0.0,0.0,0,0,598.9439960866018,63.0,2538,2538,0.0,0.0,0,0,0.0,0.0,0,0,774.5743584692938,63.0,13064,13064
0.0,0.0,0,0,624.0,62.0,1,1,482.4393289372865,63.248099182369025,3654,3654,0.0,0.0,0,0,0.0,0.0,0,0,20318.089335664336,62.0,67,67,0.0,0.0,0,0,599.1096749517063,63.0,1778,1778,0.0,0.0,0,0,0.0,0.0,0,0,767.1329117733834,63.0,12012,12012
